"RK","PLAYER NAME",TEAM,"POS","BEST","WORST","AVG.","STD.DEV","ECR VS ADP"
"1","S. Ohtani",LAD,"DH1","1","2","1.1","0.2","0"
"2","A. Judge",NYY,"OF1","1","3","1.8","0.4","0"
"3","B. Witt Jr.",KC,"SS1","3","5","3.2","0.4","+1"
"4","J. Soto",NYM,"OF2","3","6","4.1","0.7","+1"
"5","J. Ramirez",CLE,"3B1","4","10","5.8","1.3","+1"
"6","R. Acuna Jr.",ATL,"OF3","5","12","6.8","1.8","+2"
"7","T. Skubal",DET,"SP1","2","22","8.8","2.7","0"
"8","J. Rodriguez",SEA,"OF4","5","22","9.1","2.0","+4"
"9","E. De La Cruz",CIN,"SS2","5","14","9.2","1.9","0"
"10","K. Tucker",LAD,"OF5","6","20","10.9","3.0","+5"
"11","P. Skenes",PIT,"SP2","5","20","11.2","2.1","-1"
"12","F. Tatis Jr.",SD,"OF6","7","17","12.4","2.5","+2"
"13","G. Henderson",BAL,"SS3","8","18","13.1","1.8","+4"
"14","G. Crochet",BOS,"SP3","7","24","13.4","4.3","-1"
"15","J. Caminero",TB,"3B2","10","42","16.5","4.6","+3"
"16","V. Guerrero Jr.",TOR,"1B1","12","24","17.2","2.8","+6"
"17","C. Carroll",ARI,"OF7","6","37","17.8","6.9","-6"
"18","N. Kurtz",ATH,"1B2","15","26","18.1","2.1","+1"
"19","C. Raleigh",SEA,"C1","11","33","18.9","2.8","-3"
"20","J. Chourio",MIL,"OF8","10","47","19.6","3.2","+4"
"21","K. Schwarber",PHI,"DH2","14","38","21.1","3.2","0"
"22","J. Chisholm Jr.",NYY,"2B1","15","36","21.9","3.8","+1"
"23","P. Alonso",BAL,"1B3","21","33","24.4","2.4","+3"
"24","T. Turner",PHI,"SS4","15","79","26.0","6.9","+4"
"25","F. Lindor",NYM,"SS5","17","41","27.6","7.3","-5"
"26","K. Marte",ARI,"2B2","19","40","27.8","4.3","+1"
""
"27","Y. Alvarez",HOU,"OF9","12","49","29.9","7.8","+6"
"28","Y. Yamamoto",LAD,"SP4","21","39","30.1","5.2","-3"
"29","C. Sanchez",PHI,"SP5","23","41","30.9","4.1","0"
"30","Z. Neto",LAA,"SS6","16","66","32.4","7.9","+5"
"31","P. Crow-Armstrong",CHC,"OF10","23","111","34.0","10.5","0"
"32","M. Machado",SD,"3B3","21","51","34.2","4.8","-2"
"33","J. Wood",WSH,"OF11","22","67","34.8","7.7","-1"
"34","B. Harper",PHI,"1B4","23","51","35.4","7.5","+2"
"35","M. Olson",ATL,"1B5","18","61","35.6","7.2","+3"
"36","H. Brown",HOU,"SP6","25","53","36.7","5.2","-2"
"37","C. Sale",ATL,"SP7","28","53","38.2","4.5","+3"
"38","R. Devers",SF,"1B6","27","65","38.5","8.3","+3"
"39","L. Gilbert",SEA,"SP8","31","71","40.1","8.2","0"
"40","M. Betts",LAD,"SS7","26","64","41.7","8.6","+8"
"41","B. Rooker",ATH,"OF12","27","136","42.1","10.7","+3"
"42","B. Woo",SEA,"SP9","17","68","42.6","5.3","-5"
"43","J. deGrom",TEX,"SP10","34","72","44.3","3.7","+6"
"44","H. Greene",CIN,"SP11","38","57","46.6","4.1","+1"
"45","C. Ragans",KC,"SP12","31","63","48.1","6.5","+8"
"46","L. Webb",SF,"SP13","33","73","48.7","10.8","+4"
"47","W. Langford",TEX,"OF13","29","89","49.8","9.9","+4"
"48","M. Fried",NYY,"SP14","40","73","50.1","6.3","-2"
"49","R. Anthony",BOS,"OF14","28","100","53.1","9.6","+7"
"50","F. Freeman",LAD,"1B7","17","94","54.9","13.2","+2"
"51","A. Riley",ATL,"3B4","35","77","57.6","9.4","+12"
"52","E. Diaz",LAD,"RP1","27","213","58.7","18.6","-9"
"53","M. Miller",SD,"RP2","28","251","59.2","19.5","-11"
"54","R. Greene",DET,"OF15","33","162","59.4","11.0","+8"
"55","F. Peralta",NYM,"SP15","41","87","59.6","10.6","+4"
"56","J. Ryan",MIN,"SP16","54","83","59.8","4.5","+11"
"57","G. Kirby",SEA,"SP17","41","81","60.3","7.0","+14"
"58","J. Naylor",SEA,"1B8","40","167","60.8","12.2","-1"
"59","B. Turang",MIL,"2B3","32","160","61.3","17.3","-12"
"60","J. Merrill",SD,"CF1","36","92","61.4","11.7","+5"
"61","C. Bellinger",NYY,"OF16","46","158","62.0","11.2","-6"
"62","CJ Abrams",WSH,"SS8","41","104","62.5","8.9","+7"
"63","W. Contreras",MIL,"C2","35","81","62.6","8.9","-5"
"64","J. Duran",BOS,"OF17","33","90","63.4","10.5","+4"
"65","D. Cease",TOR,"SP18","54","107","69.1","11.3","+8"
"66","J. Duran",PHI,"RP3","35","248","70.9","20.2","-6"
"67","J. Luzardo",PHI,"SP19","61","105","71.0","7.2","+10"
"68","A. Munoz",SEA,"RP4","34","206","71.1","18.8","-14"
"69","S. Langeliers",ATH,"C3","51","147","72.5","14.0","+1"
"70","V. Pasquantino",KC,"1B9","43","163","73.3","10.7","+12"
"71","K. Bradish",BAL,"SP20","50","142","73.6","8.1","+7"
"72","G. Perdomo",ARI,"SS9","36","159","75.5","14.9","-11"
"73","C. Seager",TEX,"SS10","49","171","76.2","13.1","+17"
"74","F. Valdez",DET,"SP21","54","99","77.1","8.9","+5"
"75","B. Rice",NYY,"1B10","47","166","78.8","24.6","-9"
"76","M. Garcia",KC,"2B4","60","165","79.9","16.5","-4"
"77","G. Springer",TOR,"OF18","44","169","80.1","16.9","-1"
"78","B. Buxton",MIN,"CF2","53","164","80.9","18.9","-4"
"79","Bo Bichette",NYM,"SS11","51","189","81.3","15.3","+2"
"80","J. Pena",HOU,"SS12","46","170","82.5","10.3","+16"
"81","S. Suzuki",CHC,"OF19","51","177","83.4","12.6","+7"
"82","C. Smith",CLE,"RP5","37","180","83.5","36.9","-18"
"83","R. Arozarena",SEA,"OF20","60","175","86.4","9.4","+4"
"84","B. Snell",LAD,"SP22","32","175","86.9","22.7","0"
"85","H. Goodman",COL,"C4","44","173","87.4","27.8","-10"
"86","N. Pivetta",SD,"SP23","70","114","88.1","11.4","+3"
"87","E. Perez",MIA,"SP24","62","160","90.5","18.0","+16"
"88","N. McLean",NYM,"SP25","66","183","92.8","16.5","+16"
"89","T. Soderstrom",ATH,"1B11","46","161","93.3","21.0","-3"
"90","M. Harris II",ATL,"OF21","69","172","97.2","16.0","+10"
""
"91","E. Suarez",CIN,"3B5","58","178","98.3","12.5","+4"
"92","O. Cruz",PIT,"CF3","75","176","99.8","15.4","-1"
"93","A. Bregman",CHC,"3B6","29","182","99.8","22.0","+4"
"94","S. Strider",ATL,"SP26","58","188","100.0","30.2","+11"
"95","K. Gausman",TOR,"SP27","64","128","103.0","14.3","+11"
"96","T. Glasnow",LAD,"SP28","73","158","103.3","17.5","+16"
"97","M. Busch",CHC,"1B12","93","187","104.5","7.0","+12"
"98","N. Hoerner",CHC,"2B5","77","180","105.1","10.5","-4"
"99","J. Altuve",HOU,"2B6","66","191","106.6","18.4","-1"
"100","B. Woodruff",MIL,"SP29","74","152","107.7","12.3","+15"
"101","D. Bednar",NYY,"RP6","45","250","109.1","45.8","-16"
"102","Y. Diaz",TB,"1B13","50","206","109.5","21.1","+38"
"103","A. Chapman",BOS,"RP7","54","254","110.4","45.2","-23"
"104","K. Stowers",MIA,"OF22","76","190","110.6","20.3","+12"
"105","T. Story",BOS,"SS13","70","174","110.7","22.0","+8"
"106","W. Adames",SF,"SS14","80","193","111.8","20.5","+13"
"107","S. Gray",BOS,"SP30","58","174","112.0","21.2","0"
"108","S. Perez",KC,"C5","77","181","112.1","16.3","-6"
"109","T. Hernandez",LAD,"OF23","87","183","114.1","17.0","+8"
"110","D. Williams",NYM,"RP8","51","259","115.9","48.8","-17"
"111","T. Yesavage",TOR,"SP31","78","234","117.8","17.7","+18"
"112","C. Yelich",MIL,"OF24","56","196","118.3","32.0","-13"
"113","A. Ramirez",MIA,"C6","64","168","119.8","25.9","-2"
"114","J. Misiorowski",MIL,"SP32","77","233","120.1","15.2","+4"
"115","C. Schlittler",NYY,"SP33","90","262","125.5","12.7","+13"
"116","Jo Adell",LAA,"OF25","105","204","125.6","13.2","+10"
"117","C. Burns",CIN,"SP,RP1","82","176","126.0","23.4","+3"
"118","W. Smith",LAD,"C7","97","195","126.3","17.9","-17"
"119","D. Baldwin",ATL,"C8","83","186","126.7","21.3","-11"
"120","L. Keaschall",MIN,"2B7","87","197","127.2","16.5","+2"
"121","N. Eovaldi",TEX,"SP34","73","173","127.4","24.4","+20"
"122","M. King",SD,"SP35","89","161","127.8","18.3","+17"
"123","B. Nimmo",TEX,"OF26","71","188","128.8","23.1","0"
"124","N. Lodolo",CIN,"SP36","90","200","130.4","12.8","+11"
"125","O. Albies",ATL,"2B8","90","199","130.6","19.8","+13"
"126","S. Alcantara",MIA,"SP37","80","285","130.8","33.0","+38"
"127","L. Castillo",SEA,"SP38","94","176","132.4","27.0","+15"
"128","Z. Wheeler",PHI,"SP39","65","207","133.4","29.9","+5"
"129","A. Pages",LAD,"OF27","106","200","134.5","19.7","+7"
"130","J. Hader",HOU,"RP9","55","240","135.6","45.9","-47"
"131","R. Pepiot",TB,"SP40","79","202","136.0","20.7","+15"
"132","L. Robert Jr.",NYM,"OF28","92","229","136.7","22.9","-5"
"133","E. Sheehan",LAD,"SP41","82","238","136.8","26.5","+16"
"134","B. Chandler",PIT,"SP42","80","367","139.7","13.4","+34"
"135","R. Ray",SF,"SP43","92","283","140.3","26.7","+27"
"136","T. Ward",BAL,"OF29","98","250","140.6","22.4","-11"
"137","L. Butler",ATH,"OF30","114","220","141.5","21.0","-6"
"138","M. Chapman",SF,"3B7","85","201","141.9","28.4","+13"
"139","T. Rogers",BAL,"SP44","88","275","143.3","27.3","+21"
"140","J. Marsee",MIA,"OF31","95","198","143.8","15.4","-10"
"141","R. Suarez",BOS,"SP45","96","180","146.4","17.9","+29"
"142","G. Williams",CLE,"SP46","119","242","146.7","18.6","+11"
"143","R. Iglesias",ATL,"RP10","77","291","147.7","58.4","-33"
"144","J. Westburg",BAL,"2B9","95","249","147.8","44.4","-23"
"145","J. Wilson",ATH,"SS15","97","203","148.1","24.7","+18"
"146","D. Rasmussen",TB,"SP47","101","185","150.7","22.0","+23"
"147","M. Gore",TEX,"SP48","91","208","150.9","24.8","+8"
"148","S. Kwan",CLE,"OF32","108","205","151.0","22.9","+10"
"149","C. Rafaela",BOS,"OF33","105","243","152.0","22.1","+12"
"150","D. Swanson",CHC,"SS16","92","192","154.8","19.0","+4"
"151","S. Imanaga",CHC,"SP49","104","212","156.5","19.7","+24"
"152","I. Happ",CHC,"OF34","76","246","157.3","32.2","+5"
"153","C. Estevez",KC,"RP11","83","301","158.4","56.5","-39"
"154","T. Bibee",CLE,"SP50","99","195","160.6","22.4","+25"
"155","J. Hoffman",TOR,"RP12","86","286","162.1","48.6","-18"
"156","I. Herrera",STL,"C9","112","225","164.8","16.4","+9"
"157","J. Profar",ATL,"OF35","82","214","165.8","22.4","+14"
"158","R. Helsley",BAL,"RP13","72","285","138.8","52.4","-34"
"159","Y. Diaz",HOU,"C10","98","228","167.8","34.9","-15"
"160","P. Fairbanks",MIA,"RP14","91","288","168.6","43.5","-10"
"161","S. Torkelson",DET,"1B14","102","218","169.1","20.1","+22"
"162","B. Reynolds",PIT,"OF36","107","252","169.1","24.4","+19"
"163","W. Contreras",BOS,"1B15","101","218","169.5","29.9","+9"
"164","X. Edwards",MIA,"SS17","135","211","169.5","24.7","+9"
"165","J. Aranda",TB,"1B16","120","227","169.9","18.6","+25"
"166","E. Cabrera",CHC,"SP51","142","249","171.1","16.4","+36"
"167","B. Lowe",PIT,"2B10","119","242","171.4","23.9","-8"
"168","N. Marte",CIN,"3B8","121","276","171.9","29.6","-20"
"169","A. Rutschman",BAL,"C11","143","272","171.9","20.7","-22"
"170","D. Palencia",CHC,"RP15","85","293","173.3","49.2","-18"
"171","C. Rodon",NYY,"SP52","126","217","173.9","19.3","+15"
"172","D. Crews",WSH,"OF37","133","223","177.3","17.9","+19"
"173","C. Horton",CHC,"SP53","109","256","177.3","27.4","+20"
"174","T. Megill",MIL,"RP16","117","289","178.3","38.2","-40"
"175","B. Doyle",COL,"OF38","124","264","178.5","32.7","+9"
"176","E. Pagan",CIN,"RP17","87","291","180.5","51.5","-33"
"177","T. Imai",HOU,"SP54","115","421","181.6","33.1","-3"
"178","A. Burleson",STL,"OF39","108","275","182.0","38.0","+9"
"179","K. Jansen",DET,"RP18","107","292","184.1","41.6","-23"
"180","C. Walker",HOU,"1B17","142","243","184.4","27.4","+2"
"181","J. Flaherty",DET,"SP55","97","267","184.6","27.7","+17"
"182","C. Simpson",TB,"OF40","128","287","186.3","22.6","-16"
"183","A. Abbott",CIN,"SP56","125","267","187.3","28.8","+6"
"184","M. Semien",NYM,"2B11","128","253","187.8","25.8","-7"
"185","I. Paredes",HOU,"3B9","99","288","189.1","31.9","-18"
"186","A. Nola",PHI,"SP57","118","257","191.1","18.1","+17"
"187","S. Baz",BAL,"SP58","95","255","192.2","28.6","+31"
"188","M. Boyd",CHC,"SP59","123","272","193.5","30.7","+11"
"189","M. Trout",LAA,"OF41","147","263","194.6","26.4","-13"
"190","R. Lewis",MIN,"3B10","165","256","195.6","23.1","+14"
"191","H. Ramos",SF,"OF42","135","280","196.8","24.4","+26"
"192","A. Kirk",TOR,"C12","153","300","196.8","21.5","-14"
"193","J. Holliday",BAL,"2B12","86","312","196.9","48.7","-48"
"194","Z. Gallen",ARI,"SP60","113","363","197.6","31.4","+27"
"195","M. Kelly",ARI,"SP61","120","251","197.8","20.1","+20"
"196","S. McClanahan",TB,"SP62","119","249","198.9","27.1","+32"
"197","C. Montgomery",CWS,"SS18","132","279","201.8","33.4","-17"
"198","B. Stott",PHI,"2B13","121","279","203.6","36.1","-13"
"199","A. Barger",TOR,"3B11","119","308","204.0","30.0","+7"
"200","E. Tovar",COL,"SS19","90","277","204.1","38.4","+26"
"201","G. Torres",DET,"2B14","122","264","204.8","36.6","+11"
"202","R. Walker",SF,"RP19","88","295","205.9","46.2","+3"
"203","K. Bubic",KC,"SP63","111","247","207.1","28.4","-3"
"204","J. Polanco",NYM,"2B15","127","270","207.4","29.7","+7"
"205","D. Lile",WSH,"OF43","179","251","209.8","12.8","+17"
"206","S. Bieber",TOR,"SP64","93","284","187.7","46.1","-12"
"207","D. Santana",PIT,"RP20","142","313","213.5","46.5","-15"
"208","K. Manzardo",CLE,"1B18","174","257","214.5","21.3","+42"
"209","D. Varsho",TOR,"OF44","161","249","215.2","20.4","0"
"210","W. Abreu",BOS,"OF45","178","278","215.6","18.5","+17"
"211","S. Stewart",CIN,"1B19","177","256","215.9","20.9","+9"
"212","K. Carpenter",DET,"OF46","157","290","217.3","15.0","+22"
"213","M. McLain",CIN,"2B16","160","263","217.9","20.7","+12"
"214","L. Garcia",WSH,"2B17","121","265","219.7","24.8","+33"
"215","G. Moreno",ARI,"C13","168","290","220.3","32.6","-7"
"216","C. Early",BOS,"SP65","130","451","221.4","18.9","+39"
"217","K. Teel",CWS,"C14","166","297","226.7","29.9","-3"
"218","F. Alvarez",NYM,"C15","164","291","226.9","34.1","+1"
"219","S. Frelick",MIL,"OF47","203","274","227.1","18.7","-9"
"220","S. Basallo",BAL,"C16","158","284","230.6","35.6","+13"
"221","A. Vaughn",MIL,"1B20","164","282","231.6","28.6","+73"
"222","J. Musgrove",SD,"SP66","114","388","232.7","45.3","+14"
"223","A. Garcia",PHI,"OF48","159","280","237.5","14.4","+6"
"224","O. Lopez",MIA,"2B18","163","283","238.1","28.2","+18"
"225","G. Cole",NYY,"SP67","116","307","239.4","40.0","-29"
"226","T. Grisham",NYY,"OF49","208","281","241.4","16.8","-2"
"227","J. Beck",COL,"OF50","208","287","244.6","19.6","+71"
"228","K. Griffin",PIT,"SS20","138","307","244.9","42.7","-5"
"229","B. Donovan",SEA,"2B19","165","288","244.9","29.2","+11"
"230","M. Murakami",CWS,"1B21","174","299","222.9","28.7","-35"
"231","TJ Friedl",CIN,"OF51","176","298","246.0","23.3","+53"
"232","R. Sasaki",LAD,"SP68","189","426","246.4","54.9","-19"
"233","X. Bogaerts",SD,"SS21","132","295","228.3","36.9","+2"
"234","R. Laureano",SD,"OF52","175","267","229.5","25.4","-4"
"235","K. Okamoto",TOR,"3B12","150","297","231.9","43.9","-47"
"236","J. Caglianone",KC,"1B22","129","268","232.3","19.2","+12"
"237","A. Bohm",PHI,"3B13","159","294","233.1","38.2","+8"
"238","B. Miller",SEA,"SP69","191","292","233.6","32.1","+8"
"239","M. Vientos",NYM,"3B14","84","369","255.3","60.4","+19"
"240","J. Burger",TEX,"1B23","174","314","256.8","30.4","+43"
"241","J. Leiter",TEX,"SP70","110","326","259.1","30.5","+13"
"242","S. Steer",CIN,"1B24","132","366","260.9","39.8","-10"
"243","L. Arraez",SF,"2B20","131","375","244.9","49.8","+6"
"244","A. Uribe",MIL,"RP21","127","288","221.3","45.0","-47"
"245","N. Cameron",KC,"SP71","193","383","247.9","42.9","-6"
"246","M. Ozuna",PIT,"DH3","144","374","269.0","42.8","+20"
"247","M. Muncy",LAD,"3B15","173","287","251.3","26.1","-40"
"248","G. Rodriguez",LAA,"SP72","189","435","272.2","52.8","+49"
"249","M. Winn",STL,"SS22","150","293","230.8","41.9","+28"
"250","C. Correa",HOU,"SS23","167","299","257.9","24.8","+3"
"251","C. Durbin",BOS,"2B21","197","290","258.5","21.6","+5"
"252","J. Lowe",LAA,"OF53","230","292","259.3","14.4","+70"
"253","K. Senga",NYM,"SP73","153","310","259.8","39.0","+32"
"254","J. Soriano",LAA,"SP74","138","341","237.3","47.8","+62"
"255","C. Mize",DET,"SP75","136","284","238.0","32.3","+4"
"256","M. Moniak",COL,"OF54","166","308","262.1","21.8","+35"
"257","C. Cowser",BAL,"OF55","210","294","263.2","17.6","-6"
"258","S. Smith",CWS,"SP76","171","292","246.3","23.7","+20"
"259","G. Jax",TB,"RP22","96","298","247.3","42.4","+2"
"260","J.T. Realmuto",PHI,"C17","199","353","251.2","43.0","-29"
"261","JJ Wetherholt",STL,"SS24","135","299","252.9","43.3","-17"
"262","R. Nelson",ARI,"SP,RP2","206","350","253.1","33.0","+1"
"263","J. Dominguez",NYY,"OF56","201","522","258.6","76.4","+8"
"264","C. Jensen",KC,"C18","165","339","259.7","45.3","-27"
"265","Q. Priester",MIL,"SP,RP3","173","331","261.0","36.4","-13"
"266","N. Schanuel",LAA,"1B25","116","354","264.5","50.2","+66"
"267","B. Baty",NYM,"3B16","167","337","267.6","35.8","+42"
"268","P. Messick",CLE,"SP77","132","371","274.8","42.2","+44"
"269","M. Shaw",CHC,"3B17","181","734","306.3","125.1","+20"
"270","C. DeLauter",CLE,"OF57","184","358","285.0","33.7","+6"
"271","L. Henderson",MIL,"SP78","179","300","265.7","24.6","+9"
"272","J. Caballero",NYY,"2B22","175","364","266.2","49.6","-29"
"273","S. Dominguez",CWS,"RP23","135","318","240.5","38.9","+2"
"274","M. Keller",PIT,"SP79","147","381","269.9","59.2","+46"
"275","S. Manaea",NYM,"SP,RP4","156","325","270.5","24.1","+26"
"276","J. Hoo Lee",SF,"OF58","219","311","275.9","22.9","+3"
"277","M. Vargas",CWS,"3B18","212","358","279.4","36.5","+31"
"278","D. Peterson",NYM,"SP80","114","434","257.5","79.0","+32"
"279","K. McGonigle",DET,"SS25","184","440","290.6","52.3","+32"
"280","J. Cantillo",CLE,"SP,RP5","127","355","268.3","42.3","+34"
"281","R. Weathers",NYY,"SP81","194","312","270.3","31.0","+24"
"282","R. Suarez",ATL,"RP24","201","293","247.1","33.8","-81"
"283","E. Uceta",TB,"RP25","217","403","278.0","46.4","-19"
"284","D. Dingler",DET,"C19","214","374","280.6","42.6","-24"
"285","B. Abreu",HOU,"RP26","112","320","256.9","42.0","-16"
"286","J. Bell",MIN,"1B26","164","379","287.9","43.1","+111"
"287","T. Edman",LAD,"2B23","177","390","293.1","33.2","-5"
"288","W. Warren",NYY,"SP82","151","437","301.1","49.0","+35"
"289","S. Schwellenbach",ATL,"SP83","63","436","209.8","132.5","-157"
"290","Y. Kikuchi",LAA,"SP84","161","376","278.6","55.4","+23"
"291","B. Singer",CIN,"SP85","196","335","287.2","28.4","+2"
"292","B. Bello",BOS,"SP86","178","411","287.8","51.3","+7"
"293","Z. Matthews",MIN,"SP87","131","359","294.2","30.4","+47"
"294","J. McNeil",ATH,"2B24","235","375","295.4","37.8","+59"
"295","C. Holmes",NYM,"SP88","182","344","273.7","41.9","-5"
"296","G. Stanton",NYY,"RF1","207","319","275.0","29.8","-80"
"297","M. Wacha",KC,"SP89","222","458","303.0","66.2","+46"
"298","C. Keith",DET,"2B25","178","327","276.1","41.5","-30"
"299","J. Crawford",PHI,"OF59","200","372","282.6","47.5","+8"
"300","H. Waldrep",ATL,"SP90","197","630","288.0","117.4","-26"
"301","R. O'Hearn",PIT,"1B27","237","341","288.2","27.8","-29"
"302","A. Gimenez",TOR,"2B26","208","324","290.7","18.2","-6"
"303","A. Santander",TOR,"OF60","141","238","220.8","13.9","-36"
"304","B. Pfaadt",ARI,"SP91","214","370","294.4","46.6","+54"
"305","C. Mullins II",TB,"OF61","250","325","298.0","21.7","+39"
"306","N. Castellanos",SD,"OF62","169","632","333.2","110.1","+30"
"307","R. O'Brien",STL,"RP27","148","340","279.6","40.5","+12"
"308","A. Volpe",NYY,"SS26","217","408","317.3","42.8","-6"
"309","Z. Eflin",BAL,"SP92","260","438","326.7","57.2","+71"
"310","R. Detmers",LAA,"RP28","241","338","301.6","23.9","+40"
"311","J. Jung",TEX,"3B19","245","365","302.9","34.0","+14"
"312","M. Wallner",MIN,"OF63","243","380","303.4","36.3","+35"
"313","J. Taillon",CHC,"SP93","275","328","304.2","14.0","-9"
"314","I. Seymour",TB,"SP,RP6","126","385","306.0","38.8","-33"
"315","L. O'Hoppe",LAA,"C20","240","319","277.8","27.8","-58"
"316","C. Ponce",TOR,"SP,RP7","145","324","279.5","25.8","-21"
"317","B. Eldridge",SF,"1B28","203","518","340.1","82.5","+31"
"318","E. Carter",TEX,"OF64","264","363","314.0","26.7","-30"
"319","G. Taylor",CWS,"RP29","217","417","316.9","44.0","+65"
"320","C. Bassitt",BAL,"SP94","155","466","317.9","86.7","-33"
"321","B. Ober",MIN,"SP95","141","358","288.0","40.2","-35"
"322","A. Wells",NYY,"C21","224","300","260.0","21.5","-84"
"323","S. Lugo",KC,"SP96","224","438","331.7","45.6","-6"
"324","M. Burrows",HOU,"SP,RP8","140","377","308.5","37.7","+4"
"325","B. Lee",MIN,"SS27","247","363","308.5","28.8","+24"
"326","S. Horwitz",PIT,"1B29","201","382","311.8","48.4","+74"
"327","B. Ashcraft",PIT,"SP,RP9","129","346","279.3","35.7","+4"
"328","K. Yates",LAA,"RP30","218","377","316.9","51.5","-7"
"329","R. Lopez",ATL,"SP97","225","376","318.8","30.2","+35"
"330","R. Garcia",TEX,"RP31","134","358","286.3","33.4","-27"
"331","B. Marsh",PHI,"OF65","258","427","329.0","50.6","+47"
"332","R. Snelling",MIA,"SP98","225","506","338.3","69.7","+24"
"333","L. Nootbaar",STL,"OF66","246","496","339.8","68.2","+44"
"334","T. Stephenson",CIN,"C22","247","346","306.0","26.0","-72"
"335","W. Castro",COL,"2B27","220","444","313.0","61.8","-5"
"336","T. Mahle",SF,"SP99","209","365","316.4","28.8","+15"
"337","C. Benge",NYM,"OF67","252","482","353.6","68.3","+4"
"338","A. Painter",PHI,"SP100","245","987","408.1","223.1","-20"
"339","J.P. Crawford",SEA,"SS28","163","414","325.9","48.4","+7"
"340","L. Sosa",CWS,"2B28","271","406","326.4","50.7","-2"
"341","C. Cavalli",WSH,"SP101","144","502","328.0","83.0","+101"
"342","N. Arenado",ARI,"3B20","230","399","330.4","58.1","-13"
"343","D. Canzone",SEA,"OF68","269","439","364.1","54.4","+24"
"344","D. Beavers",BAL,"OF69","281","404","333.4","33.4","-20"
"345","R. Jeffers",MIN,"C23","212","343","298.5","33.1","-72"
"346","J. Cronenworth",SD,"2B29","265","448","340.3","57.6","+6"
"347","W. Vest",DET,"RP32","266","333","305.5","23.4","-77"
"348","C. Smith",HOU,"RF2","221","487","344.7","65.9","+21"
"349","T. Melton",DET,"SP,RP10","243","478","317.8","77.9","+12"
"350","H. Bader",SF,"OF70","260","438","329.8","65.1","+7"
"351","C. Patrick",MIL,"SP102","139","445","333.5","66.5","+15"
"352","J. Lopez",ATH,"SP103","248","373","333.8","37.5","+22"
"353","C. Meidroth",CWS,"3B21","268","386","335.7","32.6","+43"
"354","L. Severino",ATH,"SP104","202","577","372.7","103.0","+82"
"355","J. Berrios",TOR,"SP105","203","501","377.3","78.5","+65"
"356","E. Clement",TOR,"3B22","235","329","297.4","16.4","-115"
"357","J. Tong",NYM,"SP106","237","551","351.5","96.0","-2"
"358","J. Mangum",PIT,"OF71","213","504","356.5","87.3","+14"
"359","J. Romero",STL,"RP33","286","435","358.0","45.8","+43"
"360","O. Caissie",MIA,"OF72","228","518","362.3","75.6","+30"
"361","C. Javier",HOU,"SP107","157","593","368.3","126.6","+33"
"362","R. Stephenson",LAA,"RP34","270","405","367.3","27.8","+89"
"363","M. Ballesteros",CHC,"C24","233","509","369.0","71.5","+8"
"364","M. Mayer",BOS,"2B30","193","415","327.2","59.1","-99"
"365","J. India",KC,"2B31","320","448","369.7","47.6","-26"
"366","V. Vodnik",COL,"RP35","220","450","370.7","45.0","+22"
"367","J. Springs",ATH,"SP108","218","445","375.2","65.6","+16"
"368","J. Lawlar",ARI,"3B23","261","1267","490.8","349.0","+5"
"369","T. Scott",LAD,"RP36","288","438","336.8","52.7","-9"
"370","C. Beeter",WSH,"RP37","219","395","337.2","34.6","+28"
"371","V. Robles",SEA,"OF73","279","479","379.3","50.9","+20"
"372","J. Steele",CHC,"SP109","238","379","340.8","23.6","-35"
"373","I. Collins",KC,"LF1","222","465","342.0","76.9","+31"
"374","C. Norby",MIA,"3B24","306","372","343.8","28.5","+35"
"375","J. Jones",PIT,"SP110","269","424","383.2","51.0","+7"
"376","V. Scott",STL,"OF74","300","389","345.0","34.6","-50"
"377","K. Finnegan",DET,"RP38","283","400","345.4","46.1","-32"
"378","J. Walker",STL,"OF75","268","360","347.0","11.1","+8"
"379","J. Sanchez",TOR,"OF76","295","394","349.2","36.5","+24"
"380","E. Quero",CWS,"C25","272","367","351.6","20.1","-12"
"381","C. Kelly",CHC,"C26","270","418","351.8","51.6","-75"
"382","A. Hays",CWS,"OF77","263","428","354.0","56.3","+40"
"383","P. Goldschmidt",NYY,"1B30","224","497","392.0","83.2","+4"
"384","L. Morales",ATH,"SP111","269","639","402.8","114.0","+50"
"385","Bo Naylor",CLE,"C27","294","423","357.2","47.8","-10"
"386","J. Estrada",SD,"RP39","264","450","360.0","62.2","-86"
"387","K. Ginkel",ARI,"RP40","271","534","366.2","95.8","+66"
"388","G. Sheets",SD,"1B31","260","401","370.2","21.8","+20"
"389","Z. McKinstry",DET,"3B25","332","448","373.4","41.6","-74"
"390","N. Gorman",STL,"2B32","327","413","375.6","35.3","+45"
"391","B. Garrett",MIA,"SP112","149","446","325.5","108.7","+138"
"392","J. Soler",LAA,"OF78","324","398","376.8","26.9","+60"
"393","J. Ortiz",MIL,"SS29","268","454","381.6","61.9","+72"
"394","T. Rogers",MIN,"RP41","286","491","388.8","71.4","+66"
"395","P. Meadows",DET,"OF79","259","505","391.2","79.7","+59"
"396","D. May",STL,"SP113","331","433","392.4","36.0","+22"
"397","S. Woods Richardson",MIN,"SP114","283","580","392.8","101.4","+17"
"398","A. Benintendi",CWS,"OF80","268","462","394.0","50.8","+14"
"399","R. Gonzalez",BOS,"2B33","276","402","348.0","47.8","+85"
"400","C. Narvaez",BOS,"C28","286","390","355.8","41.9","-66"
"401","L. Gil",NYY,"SP115","369","470","400.8","36.6","-109"
"402","H. Kim",ATL,"SS30","263","533","402.6","101.4","-21"
"403","L. Roupp",SF,"SP116","367","443","402.6","32.0","+78"
"404","J. Leasure",CWS,"RP42","310","405","359.0","39.6","-41"
"405","J. A. Ferrer",SEA,"RP43","271","558","404.6","102.1","+65"
"406","M. McGreevy",STL,"SP117","353","468","405.8","50.4","+84"
"407","G. Cleavinger",TB,"RP44","257","415","363.5","64.0","-2"
"408","T. Larnach",MIN,"OF81","375","447","406.8","23.1","+29"
"409","J. Smith",TEX,"SS31","341","428","372.8","32.9","-67"
"410","R. McMahon",NYY,"3B26","385","432","414.0","17.2","-77"
"411","C. Moore",LAA,"2B34","357","454","417.8","34.4","+28"
"412","S. Cecconi",CLE,"SP118","387","488","420.8","34.9","+45"
"413","M. Liberatore",STL,"SP119","327","493","421.8","65.1","+31"
"414","F. Fermin",SD,"C29","368","408","384.3","15.8","+17"
"415","T. Santillan",CIN,"RP45","320","476","423.4","56.0","+1"
"416","T. Casas",BOS,"1B32","278","1210","550.8","335.4","+34"
"417","C. Emerson",SEA,"SS32","300","852","482.8","192.0","+7"
"418","K. Campbell",BOS,"2B35","307","1244","563.6","343.5","+48"
"419","N. Gonzales",PIT,"2B36","267","514","431.0","88.6","+175"
"420","J. Meyers",HOU,"OF82","369","432","397.8","25.8","+39"
"421","M. Meyer",MIA,"SP120","381","512","434.6","50.4","+6"
"422","J. Oviedo",BOS,"SP121","339","486","400.0","58.2","+3"
"423","M. Brash",SEA,"RP46","314","473","400.8","56.9","-16"
"424","L. Erceg",KC,"RP47","380","506","437.4","49.0","+138"
"425","C. Sands",MIN,"SP,RP11","275","525","403.3","88.8","+198"
"426","S. Murphy",ATL,"C30","349","441","404.5","34.5","-41"
"427","T. Bradley",MIN,"SP122","350","455","404.5","38.1","+28"
"428","J. Triolo",PIT,"2B37","341","443","405.3","42.1","+18"
"429","G. Whitlock",BOS,"RP48","274","414","351.7","58.2","-94"
"430","P. Tolle",BOS,"SP,RP12","304","541","409.3","84.9","+2"
"431","T. White",MIA,"SP123","383","682","463.8","110.3","-20"
"432","L. Weaver",NYM,"RP49","345","466","413.0","51.6","-73"
"433","L. Acuna",CWS,"2B38","348","472","415.0","44.5","-16"
"434","P. Smith",ARI,"1B33","282","492","419.5","83.4","+70"
"435","K. Hayes",CIN,"3B27","368","464","420.5","38.9","+62"
"436","M. Yastrzemski",ATL,"OF83","389","469","420.5","31.4","-13"
"437","E. Rodriguez",ARI,"SP124","325","584","456.2","102.5","+88"
"438","G. Holmes",ATL,"SP125","289","531","456.4","89.9","+2"
"439","C. Doval",NYY,"RP50","382","481","426.3","40.9","-29"
"440","J. Melton",TB,"OF84","348","1280","602.2","343.4","+173"
"441","S. Arrighetti",HOU,"SP126","352","636","447.5","111.4","-52"
"442","L. Rengifo",MIL,"2B39","400","477","436.3","27.9","+66"
"443","L. Giolito",FA,"SP127","375","564","437.5","74.9","-73"
"444","A. Kittredge",BAL,"RP51","300","485","392.3","75.5","+1"
"445","M. Soroka",ARI,"SP,RP13","391","394","392.7","1.3","-44"
"446","V. Caratini",MIN,"C31","377","435","396.7","27.1","+53"
"447","D. Kremer",BAL,"SP128","399","538","443.0","55.4","-34"
"448","T. Wells",BAL,"SP129","407","490","446.5","30.3","+35"
"449","A. Morejon",SD,"RP52","293","462","403.3","78.1","-84"
"450","B. House",WSH,"3B28","386","529","447.3","60.6","+101"
"451","H. Ford",WSH,"C32","397","589","451.0","79.8","+31"
"452","W. Perez",DET,"CF4","355","444","409.7","39.1","-9"
"453","G. Arias",CLE,"2B40","419","467","453.5","20.0","+139"
"454","N. Nunez",WSH,"SS33","338","549","456.8","89.4","+96"
"455","J. Latz",TEX,"SP,RP14","317","631","471.8","112.5","+124"
"456","Z. Littell",FA,"SP130","404","434","419.3","12.3","-50"
"457","M. Andujar",SD,"OF85","387","588","464.3","77.9","+17"
"458","M. Svanson",STL,"RP53","398","456","423.0","24.3","+5"
"459","J. Sterner",ATH,"RP54","391","449","423.7","24.2","-40"
"460","T. O'Neill",BAL,"OF86","402","449","425.0","19.2","-67"
"461","P. Bailey",SF,"C33","398","442","425.7","19.7","-28"
"462","J. McCarthy",COL,"OF87","421","452","431.7","14.4","+110"
"463","J. Baez",DET,"SS34","418","820","529.3","168.4","-84"
"464","B. Rocchio",CLE,"SS35","410","478","433.3","31.6","+105"
"465","H. Harvey",CHC,"RP55","357","518","438.0","65.7","+96"
"466","D. Clarke",ATH,"OF88","412","552","475.8","58.6","+10"
"467","L. Thomas",KC,"OF89","422","485","444.7","28.6","-6"
"468","G. Speier",SEA,"RP56","318","702","487.0","160.1","+33"
"469","H. Kim",LAD,"2B41","423","1233","642.8","341.7","-48"
"470","P. Maton",CHC,"RP57","348","547","449.0","81.3","-41"
"471","K. Ruiz",WSH,"C34","388","526","449.0","57.5","-23"
"472","M. Strahm",KC,"RP58","297","591","454.3","120.9","-77"
"473","S. Song",SD,"2B42","396","989","587.0","235.2","+71"
"474","D. Jansen",TEX,"C35","431","503","455.3","33.7","+62"
"475","B. Keller",PHI,"RP59","410","517","459.7","44.0","-47"
"476","CJ Kayfus",CLE,"1B34","429","551","489.5","43.3","+2"
"477","Y. Garcia",TOR,"RP60","403","644","485.7","112.0","+224"
"478","K. Clemens",MIN,"1B35","387","683","500.0","130.6","-29"
"479","K. Rocker",TEX,"SP131","425","544","495.0","44.4","+130"
"480","T. Rogers",TOR,"RP61","408","618","511.8","98.0","-126"
"481","O. Kerkering",PHI,"RP62","319","688","507.0","150.7","+236"
"482","J. Garcia",PIT,"OF90","279","817","557.5","190.4","+150"
"483","C. Morel",MIA,"LF2","430","604","505.5","63.7","+139"
"484","T. Holton",DET,"SP,RP15","352","804","549.3","188.9","-69"
"485","F. Griffin",WSH,"RP63","394","540","475.7","60.9","+122"
"486","G. Lux",TB,"2B43","459","493","476.0","13.9","+52"
"487","C. Williams",TB,"SS36","460","509","476.3","23.1","-25"
"488","A. Miller",PHI,"SS37","404","1385","747.3","451.3","-32"
"489","C. Burnes",ARI,"SP132","384","529","479.0","67.2","-127"
"490","C. Martin",TEX,"RP64","389","613","491.7","92.4","+191"
"491","G. Soto",PIT,"RP65","383","600","514.8","87.1","+99"
"492","J. Boyle",TB,"SP,RP16","426","561","484.7","56.5","+6"
"493","R. Henriquez",MIA,"RP66","355","593","489.7","99.7","-5"
"494","A. Diaz",TEX,"RP67","421","700","543.3","100.2","+137"
"495","J. Bart",PIT,"C36","457","525","491.0","27.8","+87"
"496","A. Vesia",LAD,"RP68","316","676","496.0","180.0","-169"
"497","B. Baldwin",CWS,"2B44","443","564","491.3","52.3","-28"
"498","K. Crawford",BOS,"SP133","435","554","492.0","48.7","+130"
"499","R. Hoskins",FA,"1B36","468","537","492.0","31.8","+89"
"500","C. Young",SEA,"2B45","395","608","526.3","86.0","+85"
"501","T. Freeman",COL,"2B46","445","573","493.7","56.6","+36"
"502","J. Alvarado",PHI,"RP69","327","650","488.5","161.5","-22"
"503","J. Baez",STL,"OF91","437","469","453.0","16.0","+94"
"504","H. Harris",ATH,"RP70","403","562","496.0","67.7","+152"
"505","D. Rushing",LAD,"C37","439","774","561.3","150.9","-33"
"506","M. Dubon",ATL,"OF92","451","708","539.3","119.3","-42"
"507","T. Bazzana",CLE,"2B47","411","1223","711.3","363.6","+15"
"508","B. Sproat",MIL,"SP134","440","585","498.7","62.3","+26"
"509","L. Varland",TOR,"RP71","384","581","499.3","83.9","-16"
"510","P. Sewald",ARI,"RP72","340","821","591.3","197.0","+259"
"511","S. Matz",TB,"RP73","462","565","501.7","45.3","-6"
"512","D. Lee",ATL,"RP74","349","748","548.5","199.5","+4"
"513","M. Amaya",CHC,"C38","447","550","502.3","42.4","-66"
"514","G. Conine",MIA,"OF93","424","744","558.7","135.5","+19"
"515","M. Abel",MIN,"SP135","447","818","584.3","166.1","+52"
"516","B. Brown",CHC,"SP,RP17","468","533","504.7","27.2","+104"
"517","A. Houser",SF,"SP136","448","680","539.0","101.1","+6"
"518","A.J. Minter",NYM,"RP75","359","834","596.5","237.5","+28"
"519","H. Gaddis",CLE,"RP76","386","582","509.3","87.7","-127"
"520","J. Koenig",MIL,"RP77","368","848","608.0","240.0","+50"
"521","A. Thomas",ARI,"OF94","439","589","512.3","61.3","+65"
"522","K. Higashioka",TEX,"C39","453","565","509.7","45.7","-45"
"523","L. Gurriel Jr.",ARI,"OF95","463","542","509.7","33.8","+26"
"524","C. Thomas",ATH,"OF96","414","743","564.7","135.7","+113"
"525","C. Faucher",MIA,"RP78","484","531","510.0","19.5","-4"
"526","F. Cruz",NYY,"RP79","376","677","526.5","150.5","-14"
"527","M. Scherzer",FA,"SP137","483","552","512.0","29.2","-21"
"528","Z. Cole",HOU,"OF97","472","599","519.3","56.7","-42"
"529","P. Pages",STL,"C40","470","568","513.0","40.9","+85"
"530","N. Martinez",TB,"SP,RP18","458","543","513.3","39.2","-104"
"531","J. Heim",ATL,"C41","431","769","577.8","121.7","+62"
"532","J. Pederson",TEX,"DH4","409","592","518.7","79.0","+127"
"533","S. Burke",CWS,"SP,RP19","477","1028","664.3","257.2","-7"
"534","S. Armstrong",CLE,"RP80","393","598","526.0","94.2","-104"
"535","B. King",HOU,"RP81","396","795","595.5","199.5","-46"
"536","R. Gasser",MIL,"SP138","444","580","518.7","56.3","+102"
"537","C. Mayo",BAL,"1B37","475","1409","795.3","434.1","-99"
"538","E. Rodriguez",NYY,"SP139","489","880","620.0","183.8","+78"
"539","C. Thielbar",CHC,"RP82","402","978","690.0","288.0","+540"
"540","T. Johnston",COL,"1B38","474","931","637.3","208.1","+61"
"541","J. Verlander",DET,"SP140","495","550","520.3","22.7","-165"
"542","R. Weiss",HOU,"SP141","409","595","526.0","83.2","+132"
"543","L. McCullers Jr.",HOU,"SP142","445","912","632.3","174.4","+171"
"544","G. Mitchell",MIL,"OF98","490","555","522.3","26.5","+77"
"545","J. Mack",MIA,"C42","463","746","578.3","121.3","+14"
"546","E. Bazardo",SEA,"RP83","419","893","656.0","237.0","+354"
"547","A. Ashby",MIL,"RP84","453","597","532.3","59.7","+64"
"548","M. Clark",DET,"OF99","434","567","500.5","66.5","-35"
"549","M. Leiter Jr.",ATH,"RP85","456","574","526.7","50.9","+94"
"550","W. Jenkins",MIN,"OF100","499","1368","790.0","408.7","-8"
"551","B. Joyce",LAA,"RP86","508","544","527.0","14.8","-19"
"552","J. Adam",SD,"RP87","429","713","571.0","142.0","-153"
"553","C. Condon",COL,"1B39","465","1222","743.3","340.0","-25"
"554","R. Lowder",CIN,"SP143","494","609","539.7","49.8","-35"
"555","A. Del Castillo",ARI,"C43","432","1175","749.7","312.7","+140"
"556","C. Mlodzinski",PIT,"SP,RP20","510","552","530.0","17.2","+97"
"557","T. Tawa",ARI,"2B48","474","1299","771.0","374.3","+72"
"558","R. Waldschmidt",ARI,"OF101","479","1274","762.7","362.3","-87"
"559","B. Raley",NYM,"RP88","436","936","686.0","250.0","-56"
"560","JP Sears",SD,"SP144","474","545","509.5","35.5","-53"
"561","R. Mountcastle",BAL,"1B40","496","1242","753.7","345.5","-47"
"562","B. Sousa",HOU,"RP89","441","933","687.0","246.0","-89"
"563","B. Treinen",LAD,"RP90","447","859","653.0","206.0","+24"
"564","S. Okert",HOU,"RP91","449","898","673.5","224.5","+414"
"565","J. Fraley",TB,"OF102","485","589","540.0","42.7","+119"
"566","B. Montgomery",CWS,"OF103","456","1371","848.0","384.9","+217"
"567","B. Baker",TB,"RP92","457","674","571.3","89.0","+148"
"568","K. Funderburk",MIN,"RP93","461","711","586.0","125.0","+220"
"569","N. Lukes",TOR,"OF104","479","582","540.7","44.4","-60"
"570","D. Anderson",DET,"RP94","473","569","521.0","48.0","+112"
"571","B. Fisher",TOR,"RP95","466","1003","734.5","268.5","+377"
"572","E. Julien",COL,"2B49","498","579","541.7","33.4","+93"
"573","J. Williams",MIL,"SS38","515","1367","804.3","397.9","+52"
"574","D. Pomeranz",LAA,"SP,RP21","469","668","568.5","99.5","+152"
"575","N. Fortes",TB,"C44","480","641","563.0","65.8","+98"
"576","Z. Gelof",ATH,"2B50","500","1255","768.0","344.9","-118"
"577","Y. Moncada",LAA,"3B29","510","561","542.7","23.2","-17"
"578","J. Slaten",BOS,"RP96","475","822","648.5","173.5","-54"
"579","B. Hurter",DET,"SP,RP22","496","559","527.5","31.5","+406"
"580","T. Saggese",STL,"2B51","498","656","570.3","65.2","-12"
"581","C. Rea",CHC,"SP,RP23","512","595","550.0","34.2","-27"
"582","J. Junis",TEX,"RP97","480","910","695.0","215.0","+458"
"583","E. Miller",SF,"RP98","481","810","645.5","164.5","+358"
"584","V. Grissom",LAA,"2B52","497","669","576.3","70.8","+70"
"585","L. Hicks",MIA,"C45","483","891","651.0","174.2","-90"
"586","J. Topa",MIN,"RP99","483","615","549.0","66.0","+105"
"587","A. Zerpa",MIL,"RP100","484","762","623.0","139.0","+240"
"588","C. Scott",NYM,"SP145","530","600","554.7","32.1","+31"
"589","K. Karros",COL,"3B30","486","1207","772.3","312.5","+98"
"590","J.T. Ginn",ATH,"SP,RP24","521","569","548.3","20.1","+36"
"591","J. Romano",LAA,"RP101","530","605","557.0","34.0","+67"
"592","K. Akin",BAL,"SP,RP25","489","745","617.0","128.0","+135"
"593","J. Sanoja",MIA,"2B53","520","1151","739.7","291.1","-126"
"594","A. Martin",MIN,"2B54","494","587","553.0","41.9","+24"
"595","K. Isbel",KC,"OF105","495","698","596.5","101.5","+172"
"596","C. Povich",BAL,"SP146","524","722","599.0","87.7","+21"
"597","B. Graterol",LAD,"RP102","497","1004","750.5","253.5","+533"
"598","A. Bummer",ATL,"RP103","498","498","498.0","0.0","-"
"599","C. Schmitt",SF,"3B31","499","936","675.0","188.3","+16"
"600","R. Thompson",ARI,"RP104","499","737","618.0","119.0","+233"
"601","T. Banks",PHI,"RP105","500","500","500.0","0.0","-"
"602","T. Kinley",ATL,"RP106","505","791","648.0","143.0","+175"
"603","M. Yoshida",BOS,"OF106","506","1076","723.0","251.8","-118"
"604","H. Barco",PIT,"SP,RP26","507","607","557.0","50.0","+72"
"605","A. Nardi",MIA,"RP107","508","887","697.5","189.5","+346"
"606","E. Sabrowski",CLE,"RP108","511","913","712.0","201.0","+361"
"607","J. Hicks",CWS,"SP,RP27","512","925","768.7","182.9","+301"
"608","J. Butto",SF,"SP,RP28","513","814","663.5","150.5","+259"
"609","R. Fitts",STL,"SP147","527","662","584.7","56.8","+36"
"610","A. Bender",MIA,"RP109","514","836","675.0","161.0","+250"
"611","A. Ortiz",WSH,"1B41","515","1249","796.3","323.2","+97"
"612","S. Walcott",TEX,"SS39","517","1372","824.3","388.2","+27"
"613","G. Ashcraft",CIN,"RP110","517","694","605.5","88.5","+127"
"614","K. Leahy",STL,"RP111","535","899","665.3","165.6","-99"
"615","E. Ruiz",MIA,"OF107","519","1325","826.7","355.6","+98"
"616","J. Bauers",MIL,"1B42","519","667","590.7","60.5","+11"
"617","N. Lowe",CIN,"1B43","527","633","577.0","43.5","-59"
"618","A.J. Puk",ARI,"RP112","521","626","573.5","52.5","+105"
"619","JJ Bleday",CIN,"OF108","523","607","565.0","42.0","+15"
"620","M. Festa",CLE,"RP113","525","525","525.0","0.0","+421"
"621","B. Matthews",HOU,"2B55","526","1388","838.7","389.7","+21"
"622","J. Fernandez",WSH,"RP114","527","882","704.5","177.5","+397"
"623","E. Salas",SD,"C46","528","961","744.5","216.5","+238"
"624","S. Hentges",SF,"RP115","528","945","736.5","208.5","+489"
"625","B. Alexander",BAL,"2B56","538","723","610.0","80.9","-1"
"626","J. Quero",MIL,"C47","539","1278","796.0","341.1","+21"
"627","Y. Cano",BAL,"RP116","532","926","729.0","197.0","+345"
"628","D. Martin",CWS,"SP148","532","824","657.3","122.7","+68"
"629","H. Davis",PIT,"C48","542","664","592.0","52.2","+11"
"630","P. Johnson",CIN,"RP117","534","798","666.0","132.0","+240"
"631","PJ Poulin",WSH,"RP118","535","820","677.5","142.5","+286"
"632","H. Hernandez",MIA,"OF109","536","623","579.5","43.5","+1"
"633","T. Nance",TOR,"RP119","536","536","536.0","0.0","-"
"634","D. Festa",MIN,"SP149","538","638","588.0","50.0","+46"
"635","J. Jimenez",ATL,"RP120","539","539","539.0","0.0","+144"
"636","R. Mauricio",NYM,"2B57","546","1292","803.3","345.7","-6"
"637","A. Civale",ATH,"SP,RP29","540","622","581.0","41.0","+62"
"638","A. Amador",COL,"2B58","541","1237","787.7","318.2","+3"
"639","J. DeLuca",TB,"OF110","542","981","711.0","192.9","-137"
"640","E. Lauer",TOR,"SP,RP30","544","583","563.5","19.5","-199"
"641","D. Coulombe",FA,"RP121","545","545","545.0","0.0","-"
"642","M. Muncy",ATH,"SS40","545","545","545.0","0.0","-167"
"643","I. Mattson",PIT,"RP122","546","929","737.5","191.5","+276"
"644","H. Milner",CHC,"RP123","547","547","547.0","0.0","+480"
"645","J. Martinez",ARI,"RP124","549","932","740.5","191.5","+231"
"646","R. Ryan",LAD,"SP150","558","963","697.0","188.2","-2"
"647","D. Fry",CLE,"DH5","553","1224","822.7","289.3","+78"
"648","I. Kiner-Falefa",BOS,"3B32","553","1147","764.7","270.9","-108"
"649","T. Herrin",CLE,"RP125","553","553","553.0","0.0","-"
"650","Z. Veen",COL,"OF111","554","1318","819.0","353.1","-70"
"651","J. Dreyer",LAD,"SP,RP31","554","799","676.5","122.5","-160"
"652","A. Kay",CWS,"SP,RP32","556","792","674.0","118.0","-4"
"653","K. Harrison",MIL,"SP,RP33","556","601","582.3","19.1","-18"
"654","G. Weissert",BOS,"RP126","556","556","556.0","0.0","+428"
"655","S. Jones",FA,"SP151","557","1446","NaN","444.5","-"
"656","B. Little",TOR,"RP127","558","921","739.5","181.5","-136"
"657","L. Raley",SEA,"OF112","559","1068","813.5","254.5","-7"
"658","C. Bradford",TEX,"SP152","559","602","580.5","21.5","+12"
"659","B. Elder",ATL,"SP153","560","795","671.0","96.4","+30"
"660","J. Wilson",FA,"RP128","560","560","560.0","0.0","-"
"661","C. Phillips",CIN,"RP129","562","620","591.0","29.0","+6"
"662","J. White",MIA,"RP130","563","808","685.5","122.5","+196"
"663","J. Perkins",FA,"SP,RP34","564","621","592.5","28.5","-"
"664","S. Jones",NYY,"OF113","566","566","566.0","0.0","-196"
"665","B. Basso",ATH,"RP131","566","566","566.0","0.0","-"
"666","A. Martinez",CLE,"LF3","567","1190","783.0","288.0","+6"
"667","W. Peralta",SD,"RP132","567","567","567.0","0.0","-"
"668","B. Headrick",NYY,"RP133","570","998","784.0","214.0","+424"
"669","B. Burke",CIN,"RP134","571","1045","808.0","237.0","+454"
"670","E. Sosa",PHI,"SS41","572","1167","869.5","297.5","-129"
"671","M. Montgomery",PIT,"RP135","572","652","612.0","40.0","+40"
"672","J. Crooks III",STL,"C49","574","1254","801.7","319.9","-26"
"673","G. Pauley",MIA,"3B33","573","778","675.5","102.5","-9"
"674","J. Schreiber",KC,"RP136","573","573","573.0","0.0","-"
"675","M. Rojas",LAD,"SS42","575","1247","818.7","303.8","-183"
"676","D. Schneider",TOR,"2B59","575","590","582.5","7.5","-166"
"677","C. Selby",BAL,"RP137","575","575","575.0","0.0","-"
"678","L. Campusano",SD,"C50","576","1130","784.0","246.3","+43"
"679","S. Halvorsen",COL,"RP138","576","626","601.0","25.0","-30"
"680","J. Moran",BOS,"RP139","576","576","576.0","0.0","-"
"681","J. Junk",MIA,"SP,RP35","577","754","643.3","78.8","-12"
"682","R. Bergert",KC,"SP154","578","1026","802.0","224.0","-27"
"683","A. Cobb",FA,"SP155","578","578","578.0","0.0","-"
"684","J. Assad",CHC,"SP156","579","729","654.0","75.0","+103"
"685","M. Kopech",FA,"RP140","580","759","647.3","79.5","-119"
"686","Q. Mathews",STL,"SP157","581","1159","870.0","289.0","-50"
"687","D. Morgan",SD,"RP141","581","957","769.0","188.0","+253"
"688","H. Birdsong",SF,"SP,RP36","582","849","715.5","133.5","-25"
"689","B. Lord",WSH,"SP,RP37","583","606","594.5","11.5","-12"
"690","E. Alvarado",ATH,"RP142","584","689","636.5","52.5","+72"
"691","A. Alzolay",NYM,"RP143","586","586","586.0","0.0","+434"
"692","E. Wagaman",MIN,"1B44","588","1316","952.0","364.0","-26"
"693","T. Myers",NYM,"SP,RP38","588","612","600.0","12.0","-8"
"694","M. Vierling",DET,"OF114","591","1161","788.7","263.4","+10"
"695","R. Yarbrough",NYY,"SP,RP39","591","667","629.0","38.0","+51"
"696","R. Stanek",STL,"RP144","592","759","675.5","83.5","+134"
"697","L. De Vries",ATH,"SS43","593","1410","902.0","362.0","+58"
"698","C. Encarnacion-Strand",CIN,"1B45","594","1374","984.0","390.0","-46"
"699","M. Englert",TB,"RP145","594","594","594.0","0.0","-"
"700","N. Mears",KC,"RP146","595","892","743.5","148.5","+244"
"701","R. Hassell III",WSH,"OF115","596","1201","898.5","302.5","-15"
"702","L. Torrens",NYM,"C51","596","878","712.7","120.2","+48"
"703","J. Webb",CHC,"RP147","596","596","596.0","0.0","+401"
"704","AJ Blubaugh",HOU,"SP,RP40","597","696","646.5","49.5","-53"
"705","S. Newcomb",CWS,"SP,RP41","597","604","600.5","3.5","-12"
"706","K. Kelly",TB,"RP148","598","598","598.0","0.0","-"
"707","T. Walls",TB,"SS44","599","646","622.5","23.5","+2"
"708","J. Wrobleski",LAD,"RP149","600","602","601.0","1.0","-102"
"709","E. Rodriguez",MIN,"OF116","601","1448","NaN","423.5","-48"
"710","C. Dollander",COL,"SP158","603","1418","NaN","407.5","-53"
"711","C. Sulser",TB,"RP150","603","603","603.0","0.0","-"
"712","E. Bradfield Jr.",BAL,"OF117","604","819","711.5","107.5","+77"
"713","R. Zastryzny",MIL,"RP151","605","605","605.0","0.0","-"
"714","G. Bird",FA,"1B46","606","606","606.0","0.0","-"
"715","T. McDonald",SF,"SP,RP42","608","691","649.5","41.5","-55"
"716","J. Young",WSH,"OF118","609","690","649.5","40.5","-33"
"717","E. Phillips",LAD,"RP152","610","610","610.0","0.0","+355"
"718","L. Matos",SF,"OF119","611","1272","941.5","330.5","-28"
"719","E. De Los Santos",HOU,"RP153","611","611","611.0","0.0","-"
"720","P. Hodge",CHC,"RP154","612","812","712.0","100.0","-173"
"721","B. Eisert",CWS,"SP,RP43","614","614","614.0","0.0","-"
"722","J. Bowlan",PHI,"RP155","615","615","615.0","0.0","+454"
"723","S. Gipson-Long",DET,"SP,RP44","616","627","621.5","5.5","-61"
"724","R. Ritter",COL,"SS45","617","1182","899.5","282.5","-133"
"725","M. Fluharty",TOR,"RP156","617","617","617.0","0.0","-"
"726","C. Prielipp",MIN,"SP159","618","753","685.5","67.5","+92"
"727","G. Canning",SD,"SP160","619","727","673.0","54.0","+58"
"728","J. Wiggins",CHC,"SP161","619","619","619.0","0.0","-57"
"729","B. Rodriguez",SD,"RP157","620","897","758.5","138.5","+305"
"730","R. Palacios",TB,"OF120","621","621","621.0","0.0","-42"
"731","C. Crow",MIL,"SP162","622","774","698.0","76.0","+104"
"732","A. Monasterio",BOS,"2B60","623","1238","930.5","307.5","-13"
"733","A. Warren",NYM,"RP158","624","624","624.0","0.0","-"
"734","R. Brasier",TEX,"RP159","625","625","625.0","0.0","-"
"735","J. Lawrence",PIT,"RP160","627","699","663.0","36.0","+23"
"736","D. Schneemann",CLE,"SS46","628","1262","945.0","317.0","-44"
"737","J. Beeks",FA,"RP161","628","628","628.0","0.0","-"
"738","O. Kemp",PHI,"3B34","629","1203","916.0","287.0","-162"
"739","H. Brazoban",NYM,"SP,RP45","629","629","629.0","0.0","-"
"740","D. Jameson",ARI,"RP162","630","678","654.0","24.0","-46"
"741","J. Jackson",BAL,"3B35","632","1215","923.5","291.5","-73"
"742","A. Manoah",LAA,"SP163","633","1206","919.5","286.5","-63"
"743","R. Fernandez",STL,"RP163","634","634","634.0","0.0","+384"
"744","J. Mateo",ATL,"2B61","635","1226","930.5","295.5","-244"
"745","B. Francis",TOR,"SP164","635","904","769.5","134.5","+96"
"746","JR Ritchie",ATL,"SP165","637","1011","824.0","187.0","-68"
"747","D. Enns",BAL,"SP,RP46","637","981","809.0","172.0","+239"
"748","C. Schmidt",NYY,"SP166","638","846","742.0","104.0","+116"
"749","W. Benson",CIN,"OF121","639","984","811.5","172.5","-18"
"750","C. Wong",BOS,"C52","640","799","719.5","79.5","-195"
"751","C. Ferguson",CIN,"RP164","640","640","640.0","0.0","-"
"752","G. Valera",CLE,"OF122","641","686","663.5","22.5","-273"
"753","J. Wicks",CHC,"SP,RP47","642","806","724.0","82.0","+44"
"754","T. Pham",FA,"OF123","643","735","689.0","46.0","+59"
"755","S. Kolek",KC,"SP167","643","674","658.5","15.5","-171"
"756","M. Gage",SF,"RP165","644","644","644.0","0.0","-"
"757","F. Bautista",BAL,"RP166","645","908","776.5","131.5","-153"
"758","K. Culpepper",MIN,"SS47","645","645","645.0","0.0","-56"
"759","E. Duran",TEX,"3B36","647","836","741.5","94.5","-23"
"760","DL Hall",MIL,"SP,RP48","647","756","701.5","54.5","+64"
"761","M. Conforto",FA,"OF124","648","913","780.5","132.5","-32"
"762","S. Bivens",SF,"RP167","648","648","648.0","0.0","+296"
"763","L. Allen",FA,"RP168","649","737","693.0","44.0","-"
"764","H. Dobbins",STL,"SP168","649","692","670.5","21.5","-7"
"765","B. Hanifee",DET,"RP169","650","650","650.0","0.0","-"
"766","B. Crim",COL,"1B47","651","1229","940.0","289.0","-36"
"767","I. Hamilton",ATL,"RP170","651","651","651.0","0.0","-"
"768","J. Foley",SF,"RP171","652","889","770.5","118.5","+195"
"769","A. Osuna",TEX,"OF125","653","1375","NaN","361.0","-37"
"770","J. Quintana",COL,"SP169","654","1146","900.0","246.0","-73"
"771","T. Clarke",ARI,"RP172","654","995","824.5","170.5","+221"
"772","M. Massey",KC,"2B62","655","677","666.0","11.0","-66"
"773","G. Anderson",MIL,"RP173","655","655","655.0","0.0","-"
"774","A. Rosario",NYY,"2B63","656","788","722.0","66.0","-40"
"775","N. Schultz",CWS,"SP170","657","1077","867.0","210.0","-100"
"776","P. Sandoval",BOS,"SP171","657","665","661.0","4.0","-69"
"777","S. Barlow",ATH,"RP174","658","749","703.5","45.5","+39"
"778","D. Hernaiz",ATH,"SS48","659","1265","962.0","303.0","-182"
"779","L. Bachar",MIA,"RP175","659","659","659.0","0.0","+414"
"780","N. Rada",LAA,"OF126","660","1383","NaN","361.5","-60"
"781","C. Legumina",SEA,"RP176","660","660","660.0","0.0","-"
"782","G. Jump",ATH,"SP172","661","843","752.0","91.0","-82"
"783","J. Payamps",ATL,"RP177","661","661","661.0","0.0","-"
"784","R. Vasquez",SD,"SP173","662","1250","956.0","294.0","-62"
"785","N. Church",STL,"OF127","663","1257","960.0","297.0","-17"
"786","Y. Matsui",SD,"RP178","663","663","663.0","0.0","-"
"787","D. Moreta",FA,"RP179","665","665","665.0","0.0","+375"
"788","J. McCann",ARI,"C53","666","851","758.5","92.5","-41"
"789","J. Herget",COL,"RP180","666","835","750.5","84.5","+141"
"790","C. Criswell",SEA,"RP181","668","668","668.0","0.0","-"
"791","Ty France",SD,"1B48","669","816","742.5","73.5","-47"
"792","D. Moore",FA,"2B64","670","1324","997.0","327.0","-53"
"793","Y. Gomez",TB,"SP,RP49","670","803","736.5","66.5","+73"
"794","B. Stewart",LAD,"RP182","671","671","671.0","0.0","-"
"795","C. Ingle",CLE,"C54","671","671","671.0","0.0","-77"
"796","K. Montero",DET,"SP,RP50","672","867","769.5","97.5","+90"
"797","C. Henry",WSH,"RP183","672","679","675.5","3.5","-55"
"798","G. Stone",LAD,"SP174","673","771","722.0","49.0","-57"
"799","J. Sborz",TEX,"RP184","673","673","673.0","0.0","+275"
"800","J. Loaisiga",ARI,"RP185","675","843","759.0","84.0","+135"
"801","K. Anderson",SEA,"SP175","675","675","675.0","0.0","-91"
"802","M. Kelly",ATH,"RP186","676","815","745.5","69.5","+92"
"803","T. McDougal",CWS,"SP176","678","1156","917.0","239.0","-68"
"804","D. Hamilton",MIL,"SS49","679","1212","945.5","266.5","-71"
"805","R. Tiedemann",TOR,"SP177","680","803","741.5","61.5","-107"
"806","C. Mead",CWS,"3B37","681","1381","NaN","350.0","-103"
"807","C. Gordon",HOU,"SP,RP51","681","681","681.0","0.0","+294"
"808","T. Gibson",BAL,"SP178","682","1046","864.0","182.0","-80"
"809","A. Freeland",LAD,"SS50","683","1330","NaN","323.5","-85"
"810","B. Casparius",LAD,"SP,RP52","684","731","707.5","23.5","-280"
"811","J. Trevino",CIN,"C55","684","716","700.0","16.0","-58"
"812","C. Yoho",MIL,"RP187","685","939","812.0","127.0","+147"
"813","J. Peguero",SF,"RP188","685","748","716.5","31.5","-75"
"814","G. Klassen",LAA,"SP179","686","921","803.5","117.5","-58"
"815","Y. Rodriguez",TOR,"RP189","687","900","793.5","106.5","-288"
"816","G. Sanchez",MIL,"C56","687","689","688.0","1.0","-263"
"817","B. Fulford",COL,"C57","688","700","694.0","6.0","-33"
"818","B. Hopkins",TB,"SP180","690","1082","886.0","196.0","-57"
"819","D. Lynch",KC,"RP190","692","692","692.0","0.0","-"
"820","C. Santana",ARI,"1B49","693","872","782.5","89.5","-289"
"821","J. Gray",FA,"RP191","693","693","693.0","0.0","+276"
"822","C. Kimbrel",NYM,"RP192","694","1014","854.0","160.0","+247"
"823","W. Buehler",SD,"SP181","695","1251","973.0","278.0","-288"
"824","T. Alexander",TEX,"SP,RP53","695","695","695.0","0.0","-"
"825","K. Alcantara",CHC,"OF128","696","1404","NaN","354.0","-80"
"826","D. Gilbert",SF,"OF129","697","1256","976.5","279.5","-89"
"827","C. Vargas",FA,"SS51","697","697","697.0","0.0","-"
"828","H. Harris",ATL,"RP193","698","698","698.0","0.0","+234"
"829","T. Hill",NYY,"RP194","699","699","699.0","0.0","-"
"830","A. Pallante",STL,"SP182","701","890","795.5","94.5","-70"
"831","K. Strowd",ARI,"RP195","701","773","737.0","36.0","+11"
"832","A. Chafin",MIN,"RP196","702","702","702.0","0.0","-"
"833","A. Banda",MIN,"RP197","703","1028","865.5","162.5","-281"
"834","M. Lorenzen",COL,"SP,RP54","704","1313","NaN","304.5","-118"
"835","C. Gibson",MIA,"RP198","704","704","704.0","0.0","+197"
"836","N. Jones",CLE,"OF130","705","1337","NaN","316.0","-77"
"837","R. Zeferjahn",LAA,"RP199","705","857","781.0","76.0","+16"
"838","C. Whisenhunt",SF,"SP183","706","812","759.0","53.0","-67"
"839","N. Raquet",STL,"RP200","706","706","706.0","0.0","-"
"840","J. Encarnacion",SF,"OF131","707","1301","NaN","297.0","-70"
"841","A. Alvarez",WSH,"SP184","707","1024","865.5","158.5","+112"
"842","J. Rodriguez",SF,"C58","708","1300","NaN","296.0","-277"
"843","N. Yorke",PIT,"2B65","709","1252","980.5","271.5","-100"
"844","H. Wesneski",HOU,"SP185","709","709","709.0","0.0","-"
"845","H. Kjerstad",BAL,"LF4","710","1482","NaN","386.0","-82"
"846","J. Leclerc",FA,"RP201","710","710","710.0","0.0","+283"
"847","T. Estrada",FA,"2B66","711","801","756.0","45.0","-95"
"848","R. Ward",LAD,"OF132","712","1493","NaN","390.5","-70"
"849","T. Beck",SF,"RP202","712","712","712.0","0.0","+358"
"850","E. Orze",MIN,"RP203","713","831","772.0","59.0","+55"
"851","D. Myers",CIN,"OF133","714","1070","892.0","178.0","-53"
"852","Y. Ramirez",PIT,"RP204","714","714","714.0","0.0","-"
"853","B. Williamson",TB,"3B38","715","1228","971.5","256.5","-39"
"854","C. Winn",TEX,"RP205","715","721","718.0","3.0","-49"
"855","H. Smith",CWS,"SP186","716","716","716.0","0.0","-91"
"856","J. McArthur",KC,"RP206","717","717","717.0","0.0","-"
"857","T. Austin",CHC,"1B50","718","1016","867.0","149.0","-38"
"858","E. Hancock",SEA,"SP,RP55","718","840","779.0","61.0","+30"
"859","K. Teng",HOU,"SP,RP56","719","806","762.5","43.5","-105"
"860","D. Ross",NYM,"RP207","719","719","719.0","0.0","-"
"861","M. Bratt",ARI,"SP187","720","813","766.5","46.5","-88"
"862","J. Hagenman",NYM,"RP208","720","720","720.0","0.0","-"
"863","G. Graceffo",STL,"RP209","721","721","721.0","0.0","-"
"864","J. Gray",WSH,"SP188","722","1297","NaN","287.5","-74"
"865","J. Outman",MIN,"OF134","723","1240","981.5","258.5","-72"
"866","R. Refsnyder",SEA,"OF135","724","1172","948.0","224.0","-57"
"867","A. Granillo",WSH,"RP210","724","724","724.0","0.0","+139"
"868","Ty Johnson",TB,"SP,RP57","725","785","755.0","30.0","-61"
"869","E. Sisk",PIT,"RP211","725","725","725.0","0.0","+249"
"870","K. Rojas",MIN,"SP189","726","1037","881.5","155.5","+330"
"871","D. Fuentes",ATL,"SP190","726","958","842.0","116.0","-97"
"872","C. Mena",ARI,"SP,RP58","727","844","785.5","58.5","+18"
"873","M. Garver",SEA,"C59","728","867","797.5","69.5","-93"
"874","A. Nunez",BAL,"RP212","728","728","728.0","0.0","+317"
"875","T. Ferguson",ATH,"RP213","729","729","729.0","0.0","-"
"876","M. Anderson",DET,"2B67","730","1436","NaN","353.0","-125"
"877","R. Marinaccio",SD,"RP214","730","730","730.0","0.0","-"
"878","J. Bruihl",STL,"RP215","731","731","731.0","0.0","-"
"879","O. Peraza",LAA,"3B39","732","1205","968.5","236.5","-59"
"880","K. Drake",ARI,"SP191","732","930","831.0","99.0","+113"
"881","J. Loperfido",HOU,"OF136","733","1417","NaN","342.0","-278"
"882","P. Blackburn",NYY,"SP,RP59","733","733","733.0","0.0","+199"
"883","C. Paddack",MIA,"SP,RP60","734","930","832.0","98.0","-81"
"884","C. Silseth",LAA,"RP216","735","879","807.0","72.0","+113"
"885","M. Toglia",CIN,"1B51","736","1420","NaN","342.0","-137"
"886","DJ Herz",WSH,"SP192","736","736","736.0","0.0","+93"
"887","A. Morris",MIN,"SP193","738","738","738.0","0.0","+190"
"888","J. Briceno",DET,"C60","738","738","738.0","0.0","-123"
"889","D. De Los Santos",MIA,"3B40","739","1357","NaN","309.0","-89"
"890","A. Lange",KC,"RP217","739","739","739.0","0.0","+199"
"891","R. Bliss",SEA,"2B68","740","1307","NaN","283.5","-85"
"892","A. Walters",CLE,"RP218","740","740","740.0","0.0","+296"
"893","M. Acosta",MIA,"SS52","741","741","741.0","0.0","-72"
"894","S. Cruz",KC,"RP219","741","741","741.0","0.0","-"
"895","R. Urias",FA,"3B41","742","1214","978.0","236.0","-96"
"896","M. Pushard",STL,"RP220","742","742","742.0","0.0","-"
"897","R. Clifford",NYM,"1B52","743","1444","NaN","350.5","-131"
"898","E. Pecko",HOU,"SP194","744","744","744.0","0.0","-107"
"899","C. Morton",FA,"SP,RP61","745","745","745.0","0.0","+59"
"900","L. Doyle",STL,"SP195","746","746","746.0","0.0","-128"
"901","J. Urquidy",PIT,"RP221","747","1179","963.0","216.0","-70"
"902","R. Sanmartin",SF,"RP222","747","747","747.0","0.0","-"
"903","C. Lee",TOR,"RP223","749","749","749.0","0.0","-"
"904","E. Pereira",CWS,"OF137","750","1194","972.0","222.0","-94"
"905","JT Brubaker",SF,"RP224","750","750","750.0","0.0","-"
"906","B. Perkins",MIL,"OF138","751","1239","995.0","244.0","-98"
"907","K. Winn",SF,"SP,RP62","751","972","861.5","110.5","-4"
"908","Y. Fernandez",NYY,"OF139","752","1430","NaN","339.0","-132"
"909","Z. Kelly",BOS,"SP,RP63","752","752","752.0","0.0","-"
"910","L. Hendriks",MIN,"RP225","753","886","819.5","66.5","-4"
"911","J. Fermin",STL,"2B69","754","1169","961.5","207.5","-49"
"912","J. Irvin",WSH,"SP196","755","1185","970.0","215.0","-137"
"913","J. Montgomery",TEX,"SP197","755","770","762.5","7.5","-91"
"914","E. Henriquez",LAD,"RP226","756","1015","885.5","129.5","-68"
"915","B. Tidwell",SF,"SP,RP64","757","927","842.0","85.0","-114"
"916","G. Hawkins",SD,"RP227","757","757","757.0","0.0","-"
"917","R. Tellez",FA,"1B53","758","764","761.0","3.0","-114"
"918","Y. Hiraldo",BAL,"RP228","758","758","758.0","0.0","-"
"919","T.J. Rumfield",COL,"1B54","760","1408","NaN","324.0","-44"
"920","J. Corniell",TEX,"SP,RP65","760","891","825.5","65.5","-403"
"921","W. Flores",FA,"1B55","761","1204","982.5","221.5","-172"
"922","T. Phillips",MIA,"RP229","761","1000","880.5","119.5","-57"
"923","K. Hurt",LAD,"RP230","762","762","762.0","0.0","-"
"924","J. Wentz",ATL,"SP,RP66","763","962","862.5","99.5","-142"
"925","L. Avila",KC,"RP231","763","849","806.0","43.0","-100"
"926","A. Roden",MIN,"OF140","764","1259","NaN","247.5","-130"
"927","L. Perales",WSH,"SP,RP67","765","935","850.0","85.0","-141"
"928","L. Little",CHC,"RP232","765","765","765.0","0.0","-"
"929","W. Bernabel",WSH,"1B56","766","1339","NaN","286.5","-148"
"930","D. Dodd",ATL,"RP233","766","766","766.0","0.0","+222"
"931","K. Alderman",MIA,"OF141","767","1520","NaN","376.5","-97"
"932","B. Garcia",ARI,"RP234","767","983","875.0","108.0","+103"
"933","J. Mejia",COL,"RP235","768","808","788.0","20.0","-97"
"934","E. McGee",MIL,"RP236","768","768","768.0","0.0","-"
"935","J. Jones",DET,"LF5","769","1285","NaN","258.0","-123"
"936","D. Young",ATL,"RP237","770","770","770.0","0.0","-"
"937","D. Espino",CLE,"SP198","771","771","771.0","0.0","-145"
"938","R. Watson",BOS,"SP,RP68","772","772","772.0","0.0","-"
"939","J. Made",MIL,"SS53","772","772","772.0","0.0","-394"
"940","M. Vasil",CWS,"SP,RP69","773","816","794.5","21.5","-114"
"941","N. Alvarez Jr.",ATL,"3B42","775","1403","NaN","314.0","-112"
"942","T. Gonsolin",FA,"SP199","775","775","775.0","0.0","-27"
"943","T. Taylor",NYM,"OF142","776","916","846.0","70.0","-75"
"944","A. Hoffmann",ARI,"RP238","776","776","776.0","0.0","-"
"945","Y. Pozo",STL,"C61","777","1120","948.5","171.5","-113"
"946","M. Rodriguez",TB,"RP239","777","777","777.0","0.0","+148"
"947","C. Lagrange",NYY,"SP200","778","778","778.0","0.0","-153"
"948","B. Torres",STL,"OF143","779","1384","NaN","302.5","-89"
"949","K. Castro",NYY,"RP240","779","779","779.0","0.0","-"
"950","R. Blanco",HOU,"SP201","780","780","780.0","0.0","+15"
"951","J. Susana",WSH,"SP202","780","780","780.0","0.0","-136"
"952","T. d'Arnaud",LAA,"C62","781","856","818.5","37.5","-371"
"953","B. Hoeing",SD,"RP241","781","781","781.0","0.0","-"
"954","A. Wynns",ATH,"C63","782","1183","982.5","200.5","-117"
"955","H. Bigge",TB,"RP242","782","847","814.5","32.5","+11"
"956","J. Rogers",DET,"C64","783","1109","946.0","163.0","-413"
"957","P. Abner",ARI,"RP243","783","783","783.0","0.0","-"
"958","C. Dana",LAA,"SP203","784","1220","NaN","218.0","-147"
"959","Y. Zulueta",SEA,"RP244","784","784","784.0","0.0","-"
"960","A. Chaparro",WSH,"1B57","785","1126","955.5","170.5","-50"
"961","M. Kepler",FA,"OF144","786","1283","NaN","248.5","-249"
"962","L. Jackson",FA,"RP245","786","786","786.0","0.0","+111"
"963","H. Rodriguez",CIN,"OF145","787","1498","NaN","355.5","-118"
"964","C. Green",FA,"RP246","787","787","787.0","0.0","+194"
"965","L. Taveras",BAL,"OF146","788","1379","NaN","295.5","-67"
"966","B. Miller",LAD,"SP204","789","1096","942.5","153.5","-143"
"967","N. Cortes Jr.",FA,"SP205","789","789","789.0","0.0","-150"
"968","J. Miranda",SD,"3B43","790","1427","NaN","318.5","-88"
"969","J. Suarez",ATL,"RP247","790","790","790.0","0.0","+136"
"970","R. Lovelady",WSH,"RP248","791","791","791.0","0.0","-"
"971","D. Susac",SF,"C65","792","1268","NaN","238.0","-127"
"972","C. Petty",CIN,"SP206","793","1218","NaN","212.5","-117"
"973","G. Holman",ARI,"RP249","793","793","793.0","0.0","-"
"974","T. Heineman",TOR,"C66","794","1227","NaN","216.5","-127"
"975","E. Roberts",CHC,"RP250","794","794","794.0","0.0","-"
"976","O. Arcia",MIN,"SS54","796","1340","NaN","272.0","-428"
"977","J. Klein",MIN,"SP,RP70","796","796","796.0","0.0","-"
"978","T. Fitzgerald",SF,"2B70","797","1361","NaN","282.0","-484"
"979","D. Smith",DET,"RP251","797","797","797.0","0.0","-"
"980","T. Thornton",CHC,"RP252","798","798","798.0","0.0","-"
"981","E. Rodriguez",PIT,"C67","800","1373","NaN","286.5","-410"
"982","C. Holderman",CLE,"RP253","800","800","800.0","0.0","-"
"983","H. Neris",KC,"RP254","801","801","801.0","0.0","-"
"984","Z. Dezenzo",HOU,"LF6","802","1397","NaN","297.5","-141"
"985","Z. Kent",STL,"RP255","802","802","802.0","0.0","-"
"986","P. Schultz",WSH,"RP256","804","1011","907.5","103.5","+185"
"987","J. Long",CHC,"1B58","805","1521","NaN","358.0","-113"
"988","S. Peralta",MIL,"RP257","805","805","805.0","0.0","-"
"989","T. Sugano",COL,"SP207","807","874","840.5","33.5","-433"
"990","N. Sandlin",LAA,"RP258","807","807","807.0","0.0","-"
"991","T. Troy",ARI,"2B71","809","1407","NaN","299.0","-112"
"992","R. Johnson",FA,"3B44","809","842","825.5","16.5","-"
"993","D. Smith",WSH,"RP259","810","810","810.0","0.0","-"
"994","E. Hernandez",LAD,"2B72","811","1216","NaN","202.5","-507"
"995","C. Murphy",CWS,"RP260","811","811","811.0","0.0","-"
"996","J. Rodriguez",CLE,"OF147","813","1263","NaN","225.0","-36"
"997","S. Moll",CIN,"RP261","814","814","814.0","0.0","-"
"998","K. Pilkington",DET,"RP262","815","815","815.0","0.0","-"
"999","J. Perez",ATH,"OF148","817","1445","NaN","314.0","-103"
"1000","E. Fedde",CWS,"SP,RP71","818","1093","955.5","137.5","-119"
"1001","M. Tonkin",FA,"RP263","819","819","819.0","0.0","-"
"1002","B. Suter",LAA,"SP,RP72","821","821","821.0","0.0","-"
"1003","B. Beck",NYY,"SP208","822","822","822.0","0.0","-"
"1004","K. Freeland",COL,"SP209","823","1331","NaN","254.0","-447"
"1005","C. Rodriguez",SD,"OF149","823","823","823.0","0.0","-"
"1006","J. Arnold",ATH,"SP210","824","824","824.0","0.0","-128"
"1007","M. Tauchman",NYM,"OF150","825","946","885.5","60.5","-168"
"1008","G. McGarry",WSH,"SP211","825","877","851.0","26.0","-56"
"1009","T. Locklear",ARI,"1B59","826","1221","NaN","197.5","-157"
"1010","J. Hill",COL,"RP264","826","826","826.0","0.0","+169"
"1011","A. Frazier",LAA,"2B73","827","1209","NaN","191.0","-157"
"1012","J. Lucchesi",FA,"RP265","827","827","827.0","0.0","-"
"1013","R. Marchan",PHI,"C68","828","1219","NaN","195.5","-173"
"1014","M. Ullola",HOU,"SP,RP73","828","828","828.0","0.0","+33"
"1015","M. Parker",WSH,"SP212","829","1017","923.0","94.0","-101"
"1016","T. Mayza",PHI,"RP266","829","829","829.0","0.0","-"
"1017","T. Sweeney",DET,"SS55","830","1365","NaN","267.5","-167"
"1018","B. Mautz",STL,"SP213","830","1049","939.5","109.5","+191"
"1019","R. Borucki",CWS,"RP267","831","831","831.0","0.0","-"
"1020","T. Tolbert",KC,"LF7","832","1303","NaN","235.5","-151"
"1021","G. Wolfram",BAL,"RP268","832","832","832.0","0.0","-"
"1022","J. Kelenic",CWS,"OF151","833","1391","NaN","279.0","-131"
"1023","T. Miller",CWS,"RP269","833","833","833.0","0.0","-"
"1024","R. Gusto",MIA,"SP,RP74","834","987","910.5","76.5","-435"
"1025","T. Kahnle",FA,"RP270","835","835","835.0","0.0","-1"
"1026","C. Freeman",TEX,"2B74","837","1232","NaN","197.5","-163"
"1027","J. Alexander",HOU,"SP,RP75","837","991","914.0","77.0","-107"
"1028","MJ Melendez",NYM,"OF152","838","1311","NaN","236.5","-45"
"1029","B. Walter",HOU,"SP214","838","838","838.0","0.0","-"
"1030","E. Valdez",PIT,"RF3","839","1505","NaN","333.0","-235"
"1031","K. Wright",CHC,"SP215","839","839","839.0","0.0","-"
"1032","N. Burdi",NYM,"RP271","840","840","840.0","0.0","-"
"1033","E. Teodo",TEX,"RP272","841","942","891.5","50.5","-160"
"1034","J. Lopez",FA,"RP273","841","841","841.0","0.0","-"
"1035","S. Drohan",MIL,"SP216","842","1001","921.5","79.5","-40"
"1036","D. Law",ARI,"RP274","844","844","844.0","0.0","-"
"1037","T. Walker",PHI,"SP,RP76","845","1275","NaN","215.0","-181"
"1038","B. Falter",KC,"SP217","845","985","915.0","70.0","0"
"1039","N. Pearson",HOU,"RP275","846","992","919.0","73.0","-201"
"1040","K. Hart",SD,"SP,RP77","847","847","847.0","0.0","-"
"1041","D. Hamel",NYY,"SP,RP78","848","848","848.0","0.0","-"
"1042","R. Ortiz",SEA,"SP,RP79","850","850","850.0","0.0","-"
"1043","K. Stephen",CLE,"SP218","850","850","850.0","0.0","-105"
"1044","M. Arroyo",SEA,"2B75","851","1412","NaN","280.5","-149"
"1045","D. Davalillo",TEX,"SP219","852","852","852.0","0.0","-114"
"1046","D. Thorpe",CWS,"SP220","853","954","903.5","50.5","-43"
"1047","L. Trivino",PHI,"RP276","853","853","853.0","0.0","-"
"1048","E. White",ATL,"OF153","854","1328","NaN","237.0","-78"
"1049","F. Aleman",CLE,"RP277","854","854","854.0","0.0","-"
"1050","P. DeJong",NYY,"SS56","855","1395","NaN","270.0","-554"
"1051","S. Marte",FA,"OF154","855","962","908.5","53.5","-147"
"1052","M. Straw",TOR,"OF155","856","1310","NaN","227.0","-155"
"1053","C. Laweryson",MIN,"RP278","857","857","857.0","0.0","-"
"1054","M. Schuemann",NYY,"2B76","858","1380","NaN","261.0","-481"
"1055","M. Lazar",PHI,"RP279","858","858","858.0","0.0","-"
"1056","Z. McCambley",PHI,"SP,RP80","859","859","859.0","0.0","-"
"1057","N. Allen",HOU,"SS57","860","1317","NaN","228.5","-165"
"1058","W. Klein",LAD,"RP280","860","860","860.0","0.0","-475"
"1059","H. Lee",DET,"2B77","861","1501","NaN","320.0","-126"
"1060","H. Stratton",ATL,"RP281","861","861","861.0","0.0","-"
"1061","B. Wilken",MIL,"3B45","862","862","862.0","0.0","-118"
"1062","K.C. Hunt",MIL,"SP221","862","862","862.0","0.0","-"
"1063","K. Paris",LAA,"2B78","863","1433","NaN","285.0","-164"
"1064","J. Miller",CLE,"SP222","863","863","863.0","0.0","-"
"1065","J. King",MIA,"RP282","864","864","864.0","0.0","-"
"1066","J. Wenninger",NYM,"SP223","864","864","864.0","0.0","-120"
"1067","L. Wade Jr.",CWS,"OF156","865","1329","NaN","232.0","-40"
"1068","D. Gonzalez",SEA,"RP283","865","865","865.0","0.0","-"
"1069","E. Jimenez",TOR,"OF157","866","1462","NaN","298.0","-137"
"1070","T. Uberstine",BOS,"SP224","866","866","866.0","0.0","-"
"1071","T. Morgan",TB,"1B60","868","1438","NaN","285.0","-184"
"1072","Y. De los Santos",NYY,"RP284","868","868","868.0","0.0","-"
"1073","C. Cortes",ATH,"OF158","869","1295","NaN","213.0","-196"
"1074","C. Koss",SF,"2B79","870","1312","NaN","221.0","-64"
"1075","J. Paez",CWS,"SP225","870","923","896.5","26.5","-146"
"1076","S. Thompson",COL,"1B61","871","1468","NaN","298.5","-193"
"1077","D. Hernandez",ATL,"RP285","871","871","871.0","0.0","-"
"1078","D. Keegan",TB,"C69","872","1286","NaN","207.0","-49"
"1079","O. Bido",NYY,"SP,RP81","873","953","913.0","40.0","-143"
"1080","J. Brito",SD,"RP286","873","873","873.0","0.0","-"
"1081","H. Bolte",ATH,"OF159","874","874","874.0","0.0","-192"
"1082","M. Mikolas",WSH,"SP226","875","892","883.5","8.5","-233"
"1083","P. Avila",CLE,"RP287","875","875","875.0","0.0","-"
"1084","A. Call",LAD,"OF160","876","1281","NaN","202.5","-182"
"1085","D. Dunning",SEA,"SP,RP82","876","876","876.0","0.0","-"
"1086","A. Suarez",BAL,"SP,RP83","877","877","877.0","0.0","-"
"1087","S. Brown",NYY,"OF161","878","878","878.0","0.0","-45"
"1088","B. Young",BAL,"SP227","879","879","879.0","0.0","-79"
"1089","R. Feltner",COL,"SP228","880","1334","NaN","227.0","-121"
"1090","R. Hinds",HS,"SS58","881","1422","NaN","270.5","-"
"1091","S. Guenther",DET,"RP288","881","881","881.0","0.0","-"
"1092","T. Stephan",CLE,"RP289","882","882","882.0","0.0","-"
"1093","J. Areinamo",TB,"2B80","883","883","883.0","0.0","-119"
"1094","P. Pallette",CLE,"RP290","883","883","883.0","0.0","-"
"1095","P. Corbin",FA,"SP229","884","1195","NaN","155.5","-244"
"1096","A. Bastardo",TOR,"SP230","884","884","884.0","0.0","-"
"1097","C. Brogdon",CLE,"RP291","885","885","885.0","0.0","-"
"1098","T. Sykora",WSH,"SP231","885","885","885.0","0.0","-270"
"1099","R. Lambert",NYM,"RP292","886","886","886.0","0.0","+50"
"1100","J. Montes",FA,"OF162","887","887","887.0","0.0","-"
"1101","E. Reifert",TB,"RP293","888","888","888.0","0.0","-"
"1102","R. Velazquez",CLE,"1B62","888","888","888.0","0.0","-125"
"1103","B. Hudson",NYM,"RP294","889","889","889.0","0.0","-"
"1104","M. Perez",ATL,"SP232","890","986","938.0","48.0","-167"
"1105","C. Seymour",SF,"SP,RP84","893","960","926.5","33.5","-160"
"1106","J. Brito",CLE,"1B63","894","1323","NaN","214.5","-213"
"1107","J. Gerber",NYM,"SP,RP85","894","894","894.0","0.0","-"
"1108","B. Teodosio",LAA,"OF163","895","1279","NaN","192.0","-144"
"1109","M. Otanez",TEX,"RP295","895","895","895.0","0.0","+77"
"1110","B. Rodgers",BOS,"2B81","896","1364","NaN","234.0","-120"
"1111","A. McCutchen",FA,"OF164","896","1057","976.5","80.5","-202"
"1112","G. Santos",SF,"RP296","897","1040","968.5","71.5","-118"
"1113","J. Alcala",TOR,"RP297","898","898","898.0","0.0","-"
"1114","T. Black",MIL,"1B64","899","1515","NaN","308.0","-167"
"1115","G. Soriano",STL,"RP298","900","900","900.0","0.0","-"
"1116","J. Rojas",PHI,"OF165","901","1360","NaN","229.5","-64"
"1117","H. Crouse",BAL,"RP299","901","901","901.0","0.0","-"
"1118","J. Wolf",SD,"SP233","902","902","902.0","0.0","-"
"1119","L. Montes",SEA,"OF166","902","902","902.0","0.0","-262"
"1120","T. Anderson",FA,"SP234","903","1235","NaN","166.0","-138"
"1121","L. Curvelo",TEX,"RP300","903","903","903.0","0.0","-"
"1122","J. Simpson",SEA,"RP301","904","904","904.0","0.0","-"
"1123","C. Pratt",MIL,"SS59","905","905","905.0","0.0","-167"
"1124","T. Samaniego",BOS,"RP302","905","905","905.0","0.0","-"
"1125","G. Rincones",PHI,"OF167","906","1478","NaN","286.0","-212"
"1126","T. Williams",WSH,"SP235","906","906","906.0","0.0","-"
"1127","C. Franklin",WSH,"OF168","907","1516","NaN","304.5","-104"
"1128","R. Martin",CHC,"RP303","907","907","907.0","0.0","-"
"1129","D. Sandlin",CWS,"SP,RP86","908","920","914.0","6.0","-107"
"1130","Y. Diaz",ARI,"RP304","909","1199","NaN","145.0","-91"
"1131","G. Varland",WSH,"RP305","909","1009","959.0","50.0","+39"
"1132","J. Rutledge",WSH,"SP,RP87","910","910","910.0","0.0","+29"
"1133","J. Candelario",LAA,"3B46","911","1406","NaN","247.5","-97"
"1134","K. Nicolas",PIT,"RP306","911","911","911.0","0.0","+43"
"1135","B. Lockridge",MIL,"OF169","912","1415","NaN","251.5","-59"
"1136","C. Salazar",FA,"C70","914","1248","NaN","167.0","-"
"1137","S. Alexander",FA,"RP307","914","914","914.0","0.0","-"
"1138","J. Reimer",NYM,"3B47","915","915","915.0","0.0","-237"
"1139","J. Pintaro",NYM,"SP,RP88","915","915","915.0","0.0","-"
"1140","A. Ibanez",ATH,"2B82","916","1394","NaN","239.0","-183"
"1141","V. Brujan",NYM,"3B48","917","1503","NaN","293.0","-97"
"1142","J. Winker",FA,"LF8","917","1036","976.5","59.5","-79"
"1143","E. Valencia",DET,"DH6","918","1499","NaN","290.5","-142"
"1144","J. Rock",TB,"SP,RP89","918","1026","972.0","54.0","+36"
"1145","Z. Maxwell",CIN,"RP308","919","1004","961.5","42.5","-297"
"1146","AJ Smith-Shawver",ATL,"SP236","919","919","919.0","0.0","-155"
"1147","M. Spence",KC,"SP,RP90","920","949","934.5","14.5","-35"
"1148","J. Malloy",TB,"OF170","922","1245","NaN","161.5","-172"
"1149","C. MacLeod",MIN,"P1","922","922","922.0","0.0","-"
"1150","J. Diaz",SEA,"RP309","923","923","923.0","0.0","-"
"1151","T. Neighbors",BAL,"RP310","924","1017","970.5","46.5","-144"
"1152","H. Feduccia",TB,"C71","924","973","948.5","24.5","-229"
"1153","T. Kuehner",MIL,"SP237","925","925","925.0","0.0","-"
"1154","K. Allard",CLE,"SP,RP91","926","926","926.0","0.0","-"
"1155","T. Harrington",PIT,"SP,RP92","927","1027","977.0","50.0","-239"
"1156","J.P. France",HOU,"SP,RP93","928","928","928.0","0.0","-9"
"1157","T. Bremner",LAA,"SP238","928","928","928.0","0.0","-233"
"1158","R. Garcia",BAL,"RP311","929","963","946.0","17.0","-27"
"1159","W. Wagner",SD,"1B65","931","1377","NaN","223.0","-151"
"1160","B. Horn",DET,"RP312","932","932","932.0","0.0","-"
"1161","A. Peterson",CLE,"SP239","933","933","933.0","0.0","-"
"1162","R. Kopp",LAD,"SP,RP94","934","934","934.0","0.0","-"
"1163","A. Duno",CIN,"C72","934","934","934.0","0.0","-152"
"1164","R. Grichuk",FA,"OF171","935","1128","NaN","96.5","-146"
"1165","J. Siri",LAA,"OF172","937","1470","NaN","266.5","-178"
"1166","B. Brieske",DET,"RP313","937","937","937.0","0.0","-"
"1167","K. Hendricks",FA,"SP,RP95","938","938","938.0","0.0","-245"
"1168","B. Williamson",CIN,"SP240","938","938","938.0","0.0","-556"
"1169","M. Raya",MIN,"SP,RP96","939","939","939.0","0.0","-"
"1170","J. Suwinski",PIT,"OF173","940","1276","NaN","168.0","-258"
"1171","J. Karinchak",ATL,"RP314","940","940","940.0","0.0","-"
"1172","T. Callihan",CIN,"2B83","941","1414","NaN","236.5","-65"
"1173","T. Gilbert",CWS,"SP,RP97","941","941","941.0","0.0","-"
"1174","M. Gasper",BOS,"C73","942","1302","NaN","180.0","-253"
"1175","T. Ornelas",SD,"OF174","943","1399","NaN","228.0","-110"
"1176","J. Bloss",TOR,"SP241","943","943","943.0","0.0","-"
"1177","N. Solak",SD,"1B66","944","944","944.0","0.0","-151"
"1178","L. Estrada",TOR,"SP,RP98","944","944","944.0","0.0","-"
"1179","A. Carrillo",NYM,"RP315","945","945","945.0","0.0","-"
"1180","S. Antonacci",CWS,"2B84","946","946","946.0","0.0","-64"
"1181","G. Marquez",SD,"SP242","947","1335","NaN","194.0","-309"
"1182","Ty Adcock",SD,"RP316","947","947","947.0","0.0","-"
"1183","T. Mancini",LAA,"OF175","948","1532","NaN","292.0","-168"
"1184","S. Miles",TOR,"SP243","948","948","948.0","0.0","-"
"1185","K. Ort",LAA,"RP317","949","949","949.0","0.0","-"
"1186","E. Diaz",KC,"C74","950","1234","NaN","142.0","-76"
"1187","J. Ross",ARI,"RP318","950","950","950.0","0.0","-"
"1188","M. Helman",TEX,"OF176","951","1308","NaN","178.5","-175"
"1189","C. Hernandez",CLE,"RP319","951","951","951.0","0.0","-"
"1190","J. Iglesias",FA,"2B85","952","1284","NaN","166.0","-137"
"1191","S. Lao",FA,"RP320","952","952","952.0","0.0","-"
"1192","T. McKenzie",SD,"SP,RP99","953","1164","NaN","105.5","-258"
"1193","A. Hedges",CLE,"C75","954","1271","NaN","158.5","-71"
"1194","D. Sommers",DET,"RP321","955","967","961.0","6.0","-56"
"1195","T. Robertson",FA,"RP322","955","955","955.0","0.0","-"
"1196","T. Cruz",DET,"SS60","956","1457","NaN","250.5","-94"
"1197","D. Acosta",SD,"RP323","956","956","956.0","0.0","-"
"1198","J. Franco",CIN,"SP,RP100","957","957","957.0","0.0","-"
"1199","L. Groover",ARI,"3B49","958","958","958.0","0.0","-131"
"1200","J. De Paula",LAD,"OF177","959","959","959.0","0.0","-289"
"1201","S. Murphy",CWS,"RP324","959","959","959.0","0.0","-"
"1202","J. Espada",BAL,"RP325","960","960","960.0","0.0","-"
"1203","K. Herget",NYM,"RP326","961","961","961.0","0.0","-"
"1204","A. Alberto",CWS,"RP327","964","1230","NaN","133.0","-255"
"1205","P. Gray",TEX,"RP328","964","964","964.0","0.0","-"
"1206","I. Campbell",ARI,"RP329","965","965","965.0","0.0","-"
"1207","A. Genao",FA,"C76","965","965","965.0","0.0","-"
"1208","B. Blalock",MIA,"SP244","966","1191","NaN","112.5","-125"
"1209","B. Bernardino",COL,"SP,RP101","966","966","966.0","0.0","-"
"1210","A. Rangel",PHI,"SP,RP102","967","967","967.0","0.0","-"
"1211","L. Rivas",SEA,"SS61","968","1288","NaN","160.0","-166"
"1212","T. Rashi",ARI,"RP330","968","968","968.0","0.0","-"
"1213","J. Triantos",CHC,"2B86","969","1431","NaN","231.0","-158"
"1214","W. Johnston",ATH,"SP,RP103","969","969","969.0","0.0","-"
"1215","J. Tena",WSH,"2B87","970","1200","NaN","115.0","-199"
"1216","E. Nunez",ATH,"RP331","970","970","970.0","0.0","-84"
"1217","G. Gonzalez",MIN,"OF178","971","1440","NaN","234.5","-237"
"1218","K. Backhus",PHI,"RP332","971","971","971.0","0.0","-"
"1219","T. Megill",NYM,"SP245","972","972","972.0","0.0","-199"
"1220","L. Sinnard",ATL,"SP246","973","973","973.0","0.0","-80"
"1221","J. Scholtens",TB,"SP,RP104","974","991","982.5","8.5","-196"
"1222","P. Gervase",LAD,"RP333","974","974","974.0","0.0","-"
"1223","A. Marsh",KC,"SP247","975","975","975.0","0.0","-103"
"1224","R. Rodriguez",SF,"RP334","975","975","975.0","0.0","-255"
"1225","E. Cerantola",KC,"RP335","976","976","976.0","0.0","-"
"1226","Bo Davidson",SF,"OF179","976","976","976.0","0.0","-214"
"1227","C. Shugart",PHI,"RP336","977","977","977.0","0.0","-"
"1228","L. De Leon",BAL,"SP248","977","977","977.0","0.0","-182"
"1229","J. Burgos",ARI,"RP337","978","978","978.0","0.0","-"
"1230","S. Haggerty",TEX,"OF180","979","1186","NaN","103.5","-111"
"1231","A.J. Causey",ATH,"RP338","979","979","979.0","0.0","-"
"1232","N. Kavadas",LAA,"1B67","980","1518","NaN","269.0","-84"
"1233","C. Zhong-Ao Zhuang",ATH,"SP249","980","980","980.0","0.0","-"
"1234","B. De La Cruz",PHI,"OF181","982","982","982.0","0.0","-89"
"1235","J. Murray",HOU,"RP339","982","982","982.0","0.0","-"
"1236","T. Cosgrove",HOU,"RP340","983","983","983.0","0.0","-"
"1237","A. Baddoo",MIL,"OF182","984","1461","NaN","238.5","-262"
"1238","N. Hoffman",PHI,"SP,RP105","985","985","985.0","0.0","-"
"1239","N. Sogard",BOS,"1B68","986","1370","NaN","192.0","-218"
"1240","W. Santos",TEX,"SP250","988","988","988.0","0.0","-285"
"1241","P. Glasser",WSH,"SS62","988","988","988.0","0.0","-191"
"1242","A. Jackson",MIN,"C77","989","1296","NaN","153.5","-281"
"1243","D. Hill",CWS,"OF183","990","1304","NaN","157.0","-137"
"1244","N. Belgrave",MIA,"RP341","990","990","990.0","0.0","-"
"1245","L. Knack",LAD,"SP251","992","992","992.0","0.0","-194"
"1246","A. Macko",TOR,"SP,RP106","993","993","993.0","0.0","-"
"1247","M. Forret",TB,"SP252","993","993","993.0","0.0","-104"
"1248","B. Ramos",BAL,"3B50","994","1494","NaN","250.0","-113"
"1249","D. Robert",PHI,"RP342","994","994","994.0","0.0","-"
"1250","Ty Madden",DET,"RP343","995","995","995.0","0.0","-"
"1251","J. Means",KC,"SP253","996","996","996.0","0.0","-447"
"1252","F. Pena",SD,"RP344","996","996","996.0","0.0","-"
"1253","J. Cannon",CWS,"SP,RP107","997","1243","NaN","123.0","-269"
"1254","M. Petersen",MIA,"RP345","997","997","997.0","0.0","-"
"1255","C. Booser",TB,"RP346","998","998","998.0","0.0","-"
"1256","O. Cabrera",NYY,"3B51","999","1266","NaN","133.5","-251"
"1257","C. Foster",BAL,"RP347","999","999","999.0","0.0","-"
"1258","J. Jobe",DET,"SP,RP108","1000","1033","NaN","16.5","-332"
"1259","A. Mazur",MIA,"SP254","1001","1001","NaN","0.0","-"
"1260","R. Vilade",TB,"LF9","1002","1382","NaN","190.0","-100"
"1261","G. Acton",MIA,"RP348","1002","1002","NaN","0.0","-"
"1262","G. Hollowell",CHC,"RP349","1003","1003","NaN","0.0","-"
"1263","W. MacIver",TEX,"C78","1005","1326","NaN","160.5","-137"
"1264","T. Davidson",PHI,"RP350","1005","1005","NaN","0.0","-"
"1265","S. Whitcomb",HOU,"3B52","1006","1423","NaN","208.5","-157"
"1266","B. Walston",ARI,"RP351","1006","1006","NaN","0.0","-"
"1267","B. Johnson",SD,"OF184","1007","1298","NaN","145.5","-169"
"1268","C. Wilcox",SEA,"RP352","1007","1007","NaN","0.0","-"
"1269","K. Waldichuk",WSH,"SP255","1008","1153","NaN","72.5","-101"
"1270","C. Edwards Jr.",NYM,"RP353","1008","1008","NaN","0.0","-"
"1271","S. Martinez",BOS,"RP354","1009","1009","NaN","0.0","-"
"1272","N. Loftin",KC,"2B88","1010","1346","NaN","168.0","-103"
"1273","W. Herrera",COL,"RP355","1010","1010","NaN","0.0","-"
"1274","R. McGuire",MIL,"C79","1012","1225","NaN","106.5","-210"
"1275","S. Effross",DET,"RP356","1012","1012","NaN","0.0","-"
"1276","T. Gray",MIN,"2B89","1013","1392","NaN","189.5","-102"
"1277","B. Castano",SEA,"SP,RP109","1013","1013","NaN","0.0","-"
"1278","A. Kloffenstein",NYY,"SP,RP110","1014","1014","NaN","0.0","-"
"1279","J. Staumont",CIN,"RP357","1015","1015","NaN","0.0","-"
"1280","A. Knizner",SEA,"C80","1016","1258","NaN","121.0","-352"
"1281","T. Hence",STL,"SP256","1018","1044","NaN","13.0","-308"
"1282","T.J. Nichols",TB,"SP257","1018","1018","NaN","0.0","-167"
"1283","J. Jung",DET,"3B53","1019","1434","NaN","207.5","-312"
"1284","C. Poche",FA,"RP358","1019","1019","NaN","0.0","-"
"1285","L. Bernal",STL,"C81","1020","1020","NaN","0.0","-358"
"1286","A. Hoppe",SEA,"RP359","1020","1020","NaN","0.0","-"
"1287","D. Smith",ATL,"1B69","1021","1192","NaN","85.5","-115"
"1288","R. Dobnak",SEA,"RP360","1021","1021","NaN","0.0","-"
"1289","D. Guzman",LAA,"SS63","1022","1429","NaN","203.5","-261"
"1290","T. Taylor",SEA,"RP361","1022","1022","NaN","0.0","-"
"1291","B. Drury",KC,"1B70","1023","1023","NaN","0.0","-118"
"1292","Ky Bush",CWS,"SP258","1023","1023","NaN","0.0","-"
"1293","R. Crawford",SF,"RP362","1024","1024","NaN","0.0","-"
"1294","J. Shuster",STL,"SP,RP111","1025","1025","NaN","0.0","-111"
"1295","W. Childers",MIL,"RP363","1025","1025","NaN","0.0","-"
"1296","J. Santucci",NYM,"SP259","1027","1027","NaN","0.0","-146"
"1297","A. Perdomo",LAA,"RP364","1029","1029","NaN","0.0","-"
"1298","X. Isaac",TB,"1B71","1029","1029","NaN","0.0","-380"
"1299","J. Wiemer",WSH,"OF185","1030","1378","NaN","174.0","-285"
"1300","H. Durke",ARI,"RP365","1030","1030","NaN","0.0","-"
"1301","K. Thompson",COL,"RP366","1031","1092","NaN","30.5","-103"
"1302","C. Devenski",PIT,"RP367","1031","1031","NaN","0.0","-"
"1303","B. Harris",ATH,"3B54","1032","1293","NaN","130.5","-164"
"1304","A. Sears",DET,"SP260","1032","1032","NaN","0.0","-"
"1305","J. La Sorsa",PIT,"RP368","1033","1033","NaN","0.0","-"
"1306","S. Fairchild",CLE,"OF186","1034","1500","NaN","233.0","-742"
"1307","A. Chivilli",NYY,"RP369","1034","1034","NaN","0.0","-"
"1308","H. Baez",ATH,"SP261","1035","1035","NaN","0.0","-"
"1309","B. Hess",NYY,"SP262","1035","1035","NaN","0.0","-209"
"1310","W. Dotel",PIT,"SP263","1036","1036","NaN","0.0","-"
"1311","R. Loutos",SEA,"RP370","1037","1037","NaN","0.0","-"
"1312","J. Urias",FA,"SP264","1038","1038","NaN","0.0","-226"
"1313","N. Lavender",NYM,"RP371","1038","1038","NaN","0.0","-"
"1314","N. Madrigal",LAA,"2B90","1039","1442","NaN","201.5","-117"
"1315","L. Richardson",CIN,"RP372","1039","1039","NaN","0.0","-"
"1316","B. Peoples",CWS,"RP373","1040","1040","NaN","0.0","-"
"1317","J. Hicks",HOU,"SP265","1041","1041","NaN","0.0","-164"
"1318","D. Stanavich",MIA,"RP374","1041","1041","NaN","0.0","-"
"1319","C. Snider",CHC,"RP375","1042","1042","NaN","0.0","-"
"1320","O. Murphy",ATL,"SP266","1042","1042","NaN","0.0","-322"
"1321","N. Crismatt",TEX,"SP,RP112","1043","1043","NaN","0.0","-"
"1322","L. Braun",ATL,"SP267","1043","1043","NaN","0.0","-360"
"1323","A. Kitchen",SEA,"RP376","1044","1044","NaN","0.0","-"
"1324","N. Anderson",ATH,"RP377","1045","1045","NaN","0.0","-"
"1325","E. Valdez",PIT,"1B72","1046","1435","NaN","194.5","-141"
"1326","S. Bachman",LAA,"RP378","1047","1047","NaN","0.0","-"
"1327","RJ Schreck",TOR,"OF187","1047","1047","NaN","0.0","-133"
"1328","N. Lopez",COL,"3B55","1048","1504","NaN","228.0","-122"
"1329","J. Lara",ATL,"SP,RP113","1048","1048","NaN","0.0","-"
"1330","S. McGough",FA,"RP379","1049","1049","NaN","0.0","-"
"1331","W. Watson",NYM,"SP268","1050","1050","NaN","0.0","-121"
"1332","B. Bidois",PIT,"RP380","1050","1050","NaN","0.0","-"
"1333","K. Bryant",COL,"DH7","1051","1393","NaN","171.0","-131"
"1334","G. Zuniga",SEA,"RP381","1051","1051","NaN","0.0","-"
"1335","A. Toro",KC,"3B56","1052","1469","NaN","208.5","-132"
"1336","S. Ogasawara",WSH,"SP,RP114","1052","1052","NaN","0.0","-"
"1337","J. Clase",TOR,"OF188","1053","1485","NaN","216.0","-129"
"1338","J. Elbis",ARI,"SP269","1053","1053","NaN","0.0","-"
"1339","P. Ohl",COL,"SP,RP115","1054","1063","NaN","4.5","-149"
"1340","T. Saucedo",LAA,"RP382","1054","1054","NaN","0.0","-"
"1341","L. Medina",ATH,"SP270","1055","1189","NaN","67.0","-304"
"1342","J. Bennett",BOS,"SP271","1055","1056","NaN","0.5","-233"
"1343","S. Blewett",STL,"RP383","1056","1056","NaN","0.0","-"
"1344","A. Jacob",SD,"RP384","1057","1057","NaN","0.0","-"
"1345","B. Shields",COL,"SP272","1058","1058","NaN","0.0","-"
"1346","G. Wood",PHI,"SP273","1058","1058","NaN","0.0","-189"
"1347","J. Ekness",MIA,"RP385","1059","1059","NaN","0.0","-"
"1348","M. Castro",LAA,"RP386","1060","1060","NaN","0.0","-"
"1349","B. Fitzpatrick",MIL,"P2","1061","1061","NaN","0.0","-"
"1350","T. Adams",MIN,"SP,RP116","1062","1062","NaN","0.0","-"
"1351","D. Coleman",NYY,"RP387","1064","1064","NaN","0.0","-"
"1352","J. Estes",ATH,"SP274","1065","1065","NaN","0.0","-"
"1353","J. Woods",PIT,"RP388","1066","1066","NaN","0.0","-"
"1354","G. Hoglund",ATH,"SP275","1067","1067","NaN","0.0","-350"
"1355","T. Houck",BOS,"SP276","1069","1069","NaN","0.0","-471"
"1356","J. Morillo",ARI,"RP389","1071","1071","NaN","0.0","-289"
"1357","P. Berroa",CWS,"RP390","1072","1072","NaN","0.0","-202"
"1358","T. Rainey",DET,"RP391","1073","1073","NaN","0.0","-"
"1359","B. Lively",CLE,"SP277","1074","1074","NaN","0.0","-"
"1360","J. Aguiar",CIN,"SP278","1075","1075","NaN","0.0","-"
"1361","D. Fulton",MIA,"SP279","1078","1078","NaN","0.0","-"
"1362","G. Cabrera",PHI,"RP392","1079","1079","NaN","0.0","-"
"1363","D. Nikhazy",CLE,"SP,RP117","1080","1080","NaN","0.0","-"
"1364","E. Morgan",KC,"RP393","1081","1081","NaN","0.0","-"
"1365","R. Webb",FA,"RP394","1083","1083","NaN","0.0","-"
"1366","A. Love",STL,"SP280","1084","1084","NaN","0.0","-"
"1367","R. Rolison",CHC,"RP395","1085","1085","NaN","0.0","-"
"1368","C. Martin",CHC,"RP396","1086","1086","NaN","0.0","-"
"1369","M. Grissom",WSH,"RP397","1087","1087","NaN","0.0","-232"
"1370","R. Munoz",HOU,"RP398","1088","1088","NaN","0.0","-"
"1371","S. Wilson",TB,"RP399","1089","1089","NaN","0.0","-"
"1372","R. Montero",NYY,"RP400","1090","1090","NaN","0.0","-"
"1373","Y. Marte",CIN,"RP401","1091","1091","NaN","0.0","-"
"1374","A. Wantz",TB,"RP402","1094","1094","NaN","0.0","-"
"1375","P. Hansen",STL,"SP281","1095","1095","NaN","0.0","-"
"1376","C. Irvin",LAD,"SP,RP118","1097","1097","NaN","0.0","-"
"1377","C. Quantrill",TEX,"SP282","1098","1098","NaN","0.0","-166"
"1378","C. Roycroft",STL,"RP403","1099","1099","NaN","0.0","-"
"1379","B. Jarvis",ARI,"RP404","1100","1100","NaN","0.0","-"
"1380","C. Spiers",CIN,"SP,RP119","1101","1101","NaN","0.0","-"
"1381","S. Emanuels",ATH,"RP405","1102","1102","NaN","0.0","-"
"1382","K. Graveman",FA,"RP406","1103","1103","NaN","0.0","-"
"1383","M. Waldron",SD,"SP283","1104","1104","NaN","0.0","-"
"1384","T.J. McFarland",FA,"RP407","1105","1105","NaN","0.0","-"
"1385","A. Gomber",TEX,"SP284","1106","1106","NaN","0.0","-"
"1386","D. Davitt",CWS,"SP285","1107","1107","NaN","0.0","-"
"1387","T. Antone",CIN,"SP,RP120","1108","1108","NaN","0.0","-"
"1388","Z. Pop",PHI,"RP408","1110","1110","NaN","0.0","-"
"1389","E. Reyzelman",NYY,"RP409","1111","1111","NaN","0.0","-"
"1390","M. Barnett",ATH,"SP286","1112","1112","NaN","0.0","-191"
"1391","J. Neely",CHC,"RP410","1113","1113","NaN","0.0","-"
"1392","N. Davis",PIT,"RP411","1114","1114","NaN","0.0","-"
"1393","M. Clevinger",PIT,"RP412","1115","1115","NaN","0.0","-239"
"1394","C. Winquest",NYY,"SP287","1116","1116","NaN","0.0","-784"
"1395","B. Kudrna",KC,"SP288","1117","1117","NaN","0.0","-"
"1396","E. Castellano",COL,"RP413","1118","1118","NaN","0.0","-"
"1397","S. Benschoter",CIN,"RP414","1119","1119","NaN","0.0","-"
"1398","H. Strickland",LAA,"RP415","1121","1121","NaN","0.0","-327"
"1399","J. Criswell",COL,"RP416","1122","1122","NaN","0.0","-"
"1400","A. Misiewicz",CIN,"RP417","1123","1123","NaN","0.0","-"
"1401","C. Baumler",TEX,"SP,RP121","1124","1124","NaN","0.0","-317"
"1402","J. Brebbia",COL,"RP418","1125","1125","NaN","0.0","-"
"1403","Y. Curet",PHI,"SP289","1127","1127","NaN","0.0","-225"
"1404","W. Kempner",MIA,"RP419","1129","1129","NaN","0.0","-"
"1405","R. Munoz",ATL,"RP420","1131","1131","NaN","0.0","-"
"1406","M. Farris",LAA,"SP290","1132","1132","NaN","0.0","-318"
"1407","L. Mey",CIN,"RP421","1133","1133","NaN","0.0","-376"
"1408","S. Johnson",PHI,"SP,RP122","1134","1134","NaN","0.0","-409"
"1409","K. Abel",CIN,"P3","1135","1135","NaN","0.0","-"
"1410","J. Eder",WSH,"SP,RP123","1136","1136","NaN","0.0","-"
"1411","T. Watson",DET,"SP291","1137","1137","NaN","0.0","-"
"1412","J. Sandridge",LAA,"RP422","1138","1138","NaN","0.0","-"
"1413","T. Lyons",FA,"RP423","1139","1139","NaN","0.0","-"
"1414","J. Iriarte",CWS,"RP424","1140","1140","NaN","0.0","-"
"1415","C. Lawrence",SEA,"RP425","1141","1141","NaN","0.0","-"
"1416","L. Guerrero",TB,"RP426","1142","1142","NaN","0.0","-"
"1417","B. Wilson",PHI,"SP,RP124","1143","1143","NaN","0.0","-"
"1418","J. Cabrera",PHI,"SP292","1144","1144","NaN","0.0","-"
"1419","K. Keller",BOS,"RP427","1145","1145","NaN","0.0","-"
"1420","W. Urena",LAA,"SP293","1148","1148","NaN","0.0","-"
"1421","J. Kowar",BAL,"RP428","1149","1149","NaN","0.0","-"
"1422","R. Ahlstrom",TEX,"RP429","1150","1150","NaN","0.0","-"
"1423","C. McDermott",BAL,"SP,RP125","1152","1152","NaN","0.0","-"
"1424","D. Altavilla",MIN,"RP430","1154","1154","NaN","0.0","-"
"1425","R. Harbin",PIT,"RP431","1155","1155","NaN","0.0","-"
"1426","J. Haynes",SD,"SP294","1157","1157","NaN","0.0","-"
"1427","C. Sanders",PIT,"RP432","1158","1158","NaN","0.0","-"
"1428","B. Waddell",NYM,"RP433","1160","1160","NaN","0.0","-"
"1429","RJ Petit",COL,"RP434","1162","1162","NaN","0.0","-"
"1430","M. Church",TEX,"RP435","1163","1163","NaN","0.0","-266"
"1431","M. Gonzales",SD,"SP295","1165","1165","NaN","0.0","-"
"1432","V. Mederos",LAA,"SP,RP126","1166","1166","NaN","0.0","-"
"1433","B. Nett",ATH,"SP296","1168","1168","NaN","0.0","-"
"1434","J. Hurtado",LAA,"SP297","1170","1170","NaN","0.0","-"
"1435","W. Gonzalez",CWS,"SP,RP127","1171","1171","NaN","0.0","-"
"1436","W. Miley",FA,"SP298","1173","1173","NaN","0.0","-"
"1437","T. Hatch",ARI,"SP,RP128","1174","1174","NaN","0.0","-"
"1438","S. Sullivan",COL,"SP299","1176","1176","NaN","0.0","-"
"1439","M. Black",KC,"SP,RP129","1177","1177","NaN","0.0","-"
"1440","R. Cornelio",WSH,"SP300","1178","1178","NaN","0.0","-"
"1441","Z. Brzykcy",MIA,"RP436","1180","1180","NaN","0.0","-"
"1442","N. Hernandez",ATH,"RP437","1181","1181","NaN","0.0","-"
"1443","L. Sims",CWS,"RP438","1184","1184","NaN","0.0","-"
"1444","S. Turnbull",FA,"SP,RP130","1187","1187","NaN","0.0","-"
"1445","A. Molina",ATL,"RP439","1188","1188","NaN","0.0","-"
"1446","J.C. Escarra",NYY,"C82","1193","1193","NaN","0.0","-"
"1447","C. Vazquez",FA,"C83","1196","1196","NaN","0.0","-"
"1448","O. Ribalta",WSH,"RP440","1197","1197","NaN","0.0","-261"
"1449","M. Stroman",FA,"SP301","1198","1198","NaN","0.0","-"
"1450","J. Kochanowicz",LAA,"SP302","1202","1202","NaN","0.0","-339"
"1451","D. Millas",WSH,"C84","1208","1208","NaN","0.0","-315"
"1452","Z. Agnos",COL,"RP441","1211","1211","NaN","0.0","-335"
"1453","S. Aldegheri",LAA,"SP303","1213","1213","NaN","0.0","-"
"1454","G. Hughes",COL,"SP304","1217","1217","NaN","0.0","-"
"1455","A. Lara",WSH,"RP442","1231","1231","NaN","0.0","-"
"1456","C. Palmquist",COL,"SP,RP131","1236","1236","NaN","0.0","-"
"1457","L. Peralta",COL,"RP443","1241","1241","NaN","0.0","-"
"1458","T. Murphy",FA,"C85","1246","1246","NaN","0.0","-"
"1459","K. Lee",CWS,"C86","1253","1253","NaN","0.0","-384"
"1460","J. Berti",FA,"3B57","1260","1260","NaN","0.0","-326"
"1461","A. Verdugo",FA,"OF189","1261","1261","NaN","0.0","-"
"1462","R. Adams",WSH,"C87","1264","1264","NaN","0.0","-474"
"1463","C. Taylor",LAA,"2B91","1269","1269","NaN","0.0","-"
"1464","J. Turner",FA,"1B73","1270","1270","NaN","0.0","-869"
"1465","R. Palacios",CLE,"2B92","1273","1273","NaN","0.0","-"
"1466","K. Farmer",ATL,"SS64","1277","1277","NaN","0.0","-363"
"1467","M. Brown",COL,"SP305","1282","1282","NaN","0.0","-301"
"1468","J. Stallings",FA,"C88","1287","1287","NaN","0.0","-"
"1469","L. Urias",FA,"3B58","1289","1289","NaN","0.0","-"
"1470","A. Slater",DET,"OF190","1290","1290","NaN","0.0","-"
"1471","L. Maile",KC,"C89","1291","1291","NaN","0.0","-"
"1472","S. Espinal",LAD,"2B93","1294","1294","NaN","0.0","-"
"1473","C. Tromp",ATL,"C90","1305","1305","NaN","0.0","-"
"1474","J. Barrosa",ARI,"OF191","1306","1306","NaN","0.0","-311"
"1475","A. Senzatela",COL,"SP,RP132","1309","1309","NaN","0.0","-"
"1476","A. Barnes",NYM,"C91","1314","1314","NaN","0.0","-"
"1477","J. Rave",KC,"OF192","1315","1315","NaN","0.0","-"
"1478","DJ LeMahieu",FA,"1B74","1319","1319","NaN","0.0","-"
"1479","G. Urshela",MIN,"3B59","1320","1320","NaN","0.0","-"
"1480","B. Rortvedt",NYM,"C92","1321","1321","NaN","0.0","-"
"1481","D. Romo",CWS,"C93","1322","1322","NaN","0.0","-421"
"1482","J. Alfaro",KC,"C94","1327","1327","NaN","0.0","-"
"1483","S. Rivero",LAA,"C95","1332","1332","NaN","0.0","-"
"1484","S. Leon",ATL,"C96","1333","1333","NaN","0.0","-"
"1485","B. Sabol",TB,"C97","1336","1336","NaN","0.0","-"
"1486","M. Thaiss",BOS,"C98","1338","1338","NaN","0.0","-"
"1487","S. Huff",BAL,"C99","1341","1341","NaN","0.0","-"
"1488","J. Herrera",TEX,"C100","1342","1342","NaN","0.0","-"
"1489","S. McGuire",ATH,"C101","1343","1343","NaN","0.0","-"
"1490","E. Haase",SF,"C102","1344","1344","NaN","0.0","-"
"1491","B. Sullivan",COL,"C103","1345","1345","NaN","0.0","-"
"1492","R. Duran",SD,"C104","1347","1347","NaN","0.0","-"
"1493","T. Nido",DET,"C105","1348","1348","NaN","0.0","-"
"1494","M. Canha",TEX,"OF193","1349","1349","NaN","0.0","-"
"1495","J. Pereda",SEA,"C106","1350","1350","NaN","0.0","-"
"1496","B. Valenzuela",TOR,"C107","1351","1351","NaN","0.0","-"
"1497","E. Alfonzo",LAD,"C108","1352","1352","NaN","0.0","-"
"1498","J. Delay",BOS,"C109","1353","1353","NaN","0.0","-"
"1499","B. Hunt",SD,"C110","1354","1354","NaN","0.0","-"
"1500","H. Senger",NYM,"C111","1355","1355","NaN","0.0","-"
"1501","C. Price",HOU,"C112","1356","1356","NaN","0.0","-"
"1502","M. Handley",BAL,"C113","1358","1358","NaN","0.0","-"
"1503","M. Wood",MIL,"C114","1359","1359","NaN","0.0","-"
"1504","N. Raposo",SEA,"C115","1362","1362","NaN","0.0","-"
"1505","D. Nunez",CLE,"C116","1363","1363","NaN","0.0","-"
"1506","C. McCormick",CHC,"OF194","1366","1366","NaN","0.0","-458"
"1507","N. Eaton",BOS,"OF195","1369","1369","NaN","0.0","-582"
"1508","O. Martinez",WSH,"2B94","1376","1376","NaN","0.0","-451"
"1509","I. Vargas",ARI,"1B75","1386","1386","NaN","0.0","-"
"1510","T. Murray",CWS,"SS65","1387","1387","NaN","0.0","-"
"1511","R. Flores",PIT,"C117","1389","1389","NaN","0.0","-"
"1512","M. Acosta",FA,"RP444","1390","1390","NaN","0.0","-"
"1513","D. Blanco",KC,"OF196","1396","1396","NaN","0.0","-"
"1514","M. McCoy",SD,"SS66","1398","1398","NaN","0.0","-448"
"1515","M. Lugo",LAA,"LF10","1400","1400","NaN","0.0","-485"
"1516","C. Prieto",STL,"3B60","1401","1401","NaN","0.0","-"
"1517","B. Wisely",ATL,"2B95","1402","1402","NaN","0.0","-"
"1518","L. Williams",ATL,"2B96","1405","1405","NaN","0.0","-"
"1519","T. Anderson",FA,"SS67","1411","1411","NaN","0.0","-"
"1520","A. Williams",PIT,"SS68","1413","1413","NaN","0.0","-"
"1521","T. Gordon",COL,"SP306","1416","1416","NaN","0.0","-504"
"1522","D. Carlson",CHC,"OF197","1419","1419","NaN","0.0","-"
"1523","L. Peguero",PHI,"SS69","1421","1421","NaN","0.0","-490"
"1524","M. Margot",FA,"OF198","1424","1424","NaN","0.0","-"
"1525","J. Serna",MIA,"2B97","1425","1425","NaN","0.0","-"
"1526","C. Kinney",TB,"2B98","1426","1426","NaN","0.0","-"
"1527","J. Rojas",KC,"3B61","1428","1428","NaN","0.0","-"
"1528","K. Misner",KC,"OF199","1432","1432","NaN","0.0","-"
"1529","D. Keirsey",ATL,"OF200","1437","1437","NaN","0.0","-"
"1530","G. McCray",SF,"OF201","1439","1439","NaN","0.0","-"
"1531","J. Meneses",ATH,"1B76","1441","1441","NaN","0.0","-"
"1532","J. Vivas",NYY,"2B99","1443","1443","NaN","0.0","-"
"1533","A. Schunk",ATL,"3B62","1447","1447","NaN","0.0","-"
"1534","N. Furman",SF,"2B100","1449","1449","NaN","0.0","-342"
"1535","G. Campero",LAA,"RF4","1450","1450","NaN","0.0","-"
"1536","D. Waters",KC,"OF202","1451","1451","NaN","0.0","-331"
"1537","A. Seigler",BOS,"3B63","1452","1452","NaN","0.0","-"
"1538","B. Dunn",CIN,"OF203","1453","1453","NaN","0.0","-"
"1539","Y. Morales",WSH,"3B64","1454","1454","NaN","0.0","-"
"1540","T. Trammell",HOU,"OF204","1455","1455","NaN","0.0","-"
"1541","Ji Hwan Bae",NYM,"OF205","1456","1456","NaN","0.0","-"
"1542","B. Cowles",TOR,"SS70","1458","1458","NaN","0.0","-"
"1543","D. Harris",CWS,"OF206","1459","1459","NaN","0.0","-"
"1544","R. Kreidler",MIN,"CF5","1460","1460","NaN","0.0","-"
"1545","T. Cheng",BOS,"SS71","1463","1463","NaN","0.0","-"
"1546","M. Luciano",NYY,"SS72","1464","1464","NaN","0.0","-661"
"1547","R. Fitzgerald",LAD,"SS73","1465","1465","NaN","0.0","-"
"1548","S. Kingery",CHC,"2B101","1466","1466","NaN","0.0","-"
"1549","M. Mastrobuoni",SEA,"2B102","1467","1467","NaN","0.0","-975"
"1550","W. Meckler",LAA,"OF207","1471","1471","NaN","0.0","-548"
"1551","J. Foscue",TEX,"1B77","1472","1472","NaN","0.0","-"
"1552","G. Hampson",CIN,"2B103","1473","1473","NaN","0.0","-"
"1553","J. Dean",CHC,"OF208","1474","1474","NaN","0.0","-"
"1554","J. Winkler",HOU,"SS74","1475","1475","NaN","0.0","-"
"1555","S. Taylor",SD,"OF209","1476","1476","NaN","0.0","-399"
"1556","D. Walton",LAA,"2B104","1477","1477","NaN","0.0","-"
"1557","J. Young",NYM,"1B78","1479","1479","NaN","0.0","-462"
"1558","M. Mervis",WSH,"1B79","1480","1480","NaN","0.0","-459"
"1559","T. Wade",TEX,"2B105","1481","1481","NaN","0.0","-"
"1560","N. Morabito",NYM,"OF210","1483","1483","NaN","0.0","-"
"1561","V. Mesa Jr.",TB,"OF211","1484","1484","NaN","0.0","-394"
"1562","J. Yepez",FA,"1B80","1486","1486","NaN","0.0","-"
"1563","B. Cook",PIT,"OF212","1487","1487","NaN","0.0","-"
"1564","J. Noel",BAL,"RF5","1488","1488","NaN","0.0","-682"
"1565","A.J. Vukovich",ARI,"3B65","1489","1489","NaN","0.0","-"
"1566","T. Peters",CWS,"OF213","1490","1490","NaN","0.0","-"
"1567","M. Koperniak",STL,"OF214","1491","1491","NaN","0.0","-"
"1568","W. Wilson",BAL,"OF215","1492","1492","NaN","0.0","-"
"1569","D. Solano",FA,"1B81","1495","1495","NaN","0.0","-"
"1570","N. Velazquez",STL,"OF216","1496","1496","NaN","0.0","-"
"1571","V. Machin",COL,"3B66","1497","1497","NaN","0.0","-"
"1572","P. Halpin",CLE,"OF217","1502","1502","NaN","0.0","-"
"1573","R. Thomas",SEA,"OF218","1506","1506","NaN","0.0","-495"
"1574","J. Azocar",ATL,"OF219","1507","1507","NaN","0.0","-"
"1575","K. Watson",CLE,"LF11","1508","1508","NaN","0.0","-"
"1576","R. Simon",PIT,"2B106","1509","1509","NaN","0.0","-"
"1577","K. Newman",KC,"SS75","1510","1510","NaN","0.0","-"
"1578","T. Elko",CWS,"1B82","1511","1511","NaN","0.0","-383"
"1579","S. Berroa",MIL,"OF220","1512","1512","NaN","0.0","-"
"1580","P. Leon",PHI,"OF221","1513","1513","NaN","0.0","-439"
"1581","J. Bride",TEX,"3B67","1514","1514","NaN","0.0","-406"
"1582","G. Stubbs",PHI,"C118","1517","1517","NaN","0.0","-980"
"1583","D. Fletcher",PIT,"OF222","1519","1519","NaN","0.0","-"
"1584","T. Lipscomb",WSH,"3B68","1522","1522","NaN","0.0","-"
"1585","M. Siani",LAD,"OF223","1523","1523","NaN","0.0","-"
"1586","E. Rivera",FA,"3B69","1524","1524","NaN","0.0","-"
"1587","K. Robinson",ARI,"OF224","1525","1525","NaN","0.0","-428"
"1588","L. Baker",ARI,"1B83","1526","1526","NaN","0.0","-"
"1589","O. Dunn",CWS,"3B70","1527","1527","NaN","0.0","-"
"1590","D. Wendzel",PIT,"3B71","1528","1528","NaN","0.0","-"
"1591","C. Pache",NYM,"OF225","1529","1529","NaN","0.0","-"
"1592","P. Wisdom",SEA,"3B72","1530","1530","NaN","0.0","-592"
"1593","V. Capra",BOS,"3B73","1531","1531","NaN","0.0","-"
"1594","T. English",ATL,"1B84","1533","1533","NaN","0.0","-"
"1595","J. Barrero",BAL,"SS76","1534","1534","NaN","0.0","-"
"1596","J. Rojas",NYM,"3B74","1535","1535","NaN","0.0","-"